effect_bundle_key	effect_key	effect_scope	value	advancement_stage
#effect_bundles_to_effects_junctions_tables;3;db/effect_bundles_to_effects_junctions_tables/nanu_dynamic_rors_lzd				
nanu_dynamic_ror_lizard_ability_all_blessing_of_tepok_contact_electrifying_attacks_strider_ammo_type_lightning	nanu_context_lizardmen	character_to_character_own	1.0000	start_turn_completed
nanu_dynamic_ror_lizard_ability_all_blessing_of_tepok_contact_electrifying_attacks_strider_ammo_type_lightning	wh_main_effect_attribute_enable_strider	character_to_character_own	1.0000	start_turn_completed
nanu_dynamic_ror_lizard_ability_all_blessing_of_tepok_contact_electrifying_attacks_strider_ammo_type_lightning	nanu_unit_contact_electrified	character_to_character_own	1.0000	start_turn_completed
nanu_dynamic_ror_lizard_ability_all_blessing_of_tepok_contact_electrifying_attacks_strider_ammo_type_lightning	nanu_dummy_ammo_type_lightning	character_to_character_own	1.0000	start_turn_completed
nanu_dynamic_ror_lizard_ability_all_blessing_of_tepok_contact_electrifying_attacks_strider_ammo_type_lightning	wh_main_effect_character_stat_range	character_to_character_own	10.0000	start_turn_completed
nanu_dynamic_ror_lizard_ability_all_blessing_of_tepok_contact_electrifying_attacks_strider_ammo_type_lightning	wh_main_effect_character_stat_charge_bonus_add	character_to_character_own	10.0000	start_turn_completed
nanu_dynamic_ror_lizard_ability_all_blessing_of_tepok_contact_electrifying_magic_attacks_strider_ammo_type_lightning	nanu_context_lizardmen	character_to_character_own	1.0000	start_turn_completed
nanu_dynamic_ror_lizard_ability_all_blessing_of_tepok_contact_electrifying_magic_attacks_strider_ammo_type_lightning	wh_main_effect_attribute_enable_strider	character_to_character_own	1.0000	start_turn_completed
nanu_dynamic_ror_lizard_ability_all_blessing_of_tepok_contact_electrifying_magic_attacks_strider_ammo_type_lightning	nanu_unit_contact_electrified	character_to_character_own	1.0000	start_turn_completed
nanu_dynamic_ror_lizard_ability_all_blessing_of_tepok_contact_electrifying_magic_attacks_strider_ammo_type_lightning	wh_main_effect_character_stat_enable_magic_attacks	character_to_character_own	1.0000	start_turn_completed
nanu_dynamic_ror_lizard_ability_all_blessing_of_tepok_contact_electrifying_magic_attacks_strider_ammo_type_lightning	nanu_dummy_ammo_type_lightning	character_to_character_own	1.0000	start_turn_completed
nanu_dynamic_ror_lizard_ability_all_blessing_of_tepok_contact_electrifying_magic_attacks_strider_ammo_type_lightning	wh_main_effect_character_stat_range	character_to_character_own	10.0000	start_turn_completed
nanu_dynamic_ror_lizard_ability_all_blessing_of_tepok_contact_electrifying_magic_attacks_strider_ammo_type_lightning	wh_main_effect_character_stat_charge_bonus_add	character_to_character_own	10.0000	start_turn_completed
nanu_dynamic_ror_lizard_ability_all_blessing_of_tepok_thunderous_aura_greater_strider	nanu_unit_passive_thunderous_aura_greater	character_to_character_own	1.0000	start_turn_completed
nanu_dynamic_ror_lizard_ability_all_blessing_of_tepok_thunderous_aura_greater_strider	wh_main_effect_character_stat_magic_resistance	character_to_character_own	25.0000	start_turn_completed
nanu_dynamic_ror_lizard_ability_all_blessing_of_tepok_thunderous_aura_greater_strider	wh_main_effect_character_stat_speed	character_to_character_own	10.0000	start_turn_completed
nanu_dynamic_ror_lizard_ability_all_blessing_of_tepok_thunderous_aura_greater_strider	wh_main_effect_attribute_enable_strider	character_to_character_own	1.0000	start_turn_completed
nanu_dynamic_ror_lizard_ability_all_blessing_of_tepok_thunderous_aura_greater_strider	nanu_context_lizardmen	character_to_character_own	1.0000	start_turn_completed
nanu_dynamic_ror_lizard_ability_all_blessing_of_tepok_thunderous_aura_greater_strider_contact_electrifying_attacks_ammo_type_lightning	nanu_context_lizardmen	character_to_character_own	1.0000	start_turn_completed
nanu_dynamic_ror_lizard_ability_all_blessing_of_tepok_thunderous_aura_greater_strider_contact_electrifying_attacks_ammo_type_lightning	nanu_unit_passive_thunderous_aura_greater	character_to_character_own	1.0000	start_turn_completed
nanu_dynamic_ror_lizard_ability_all_blessing_of_tepok_thunderous_aura_greater_strider_contact_electrifying_attacks_ammo_type_lightning	wh_main_effect_attribute_enable_strider	character_to_character_own	1.0000	start_turn_completed
nanu_dynamic_ror_lizard_ability_all_blessing_of_tepok_thunderous_aura_greater_strider_contact_electrifying_attacks_ammo_type_lightning	nanu_unit_contact_electrified	character_to_character_own	1.0000	start_turn_completed
nanu_dynamic_ror_lizard_ability_all_blessing_of_tepok_thunderous_aura_greater_strider_contact_electrifying_attacks_ammo_type_lightning	nanu_dummy_ammo_type_lightning	character_to_character_own	1.0000	start_turn_completed
nanu_dynamic_ror_lizard_ability_all_blessing_of_tepok_thunderous_aura_greater_strider_contact_electrifying_attacks_ammo_type_lightning	wh_main_effect_character_stat_range	character_to_character_own	10.0000	start_turn_completed
nanu_dynamic_ror_lizard_ability_all_blessing_of_tepok_thunderous_aura_greater_strider_contact_electrifying_attacks_ammo_type_lightning	wh_main_effect_character_stat_charge_bonus_add	character_to_character_own	10.0000	start_turn_completed
nanu_dynamic_ror_lizard_ability_all_blessing_of_tepok_thunderous_aura_strider	nanu_unit_passive_thunderous_aura	character_to_character_own	1.0000	start_turn_completed
nanu_dynamic_ror_lizard_ability_all_blessing_of_tepok_thunderous_aura_strider	wh_main_effect_character_stat_magic_resistance	character_to_character_own	25.0000	start_turn_completed
nanu_dynamic_ror_lizard_ability_all_blessing_of_tepok_thunderous_aura_strider	wh_main_effect_character_stat_speed	character_to_character_own	10.0000	start_turn_completed
nanu_dynamic_ror_lizard_ability_all_blessing_of_tepok_thunderous_aura_strider	wh_main_effect_attribute_enable_strider	character_to_character_own	1.0000	start_turn_completed
nanu_dynamic_ror_lizard_ability_all_blessing_of_tepok_thunderous_aura_strider	nanu_context_lizardmen	character_to_character_own	1.0000	start_turn_completed
nanu_dynamic_ror_lizard_ability_all_blessing_of_tepok_thunderous_aura_strider_contact_electrifying_attacks_ammo_type_lightning	nanu_context_lizardmen	character_to_character_own	1.0000	start_turn_completed
nanu_dynamic_ror_lizard_ability_all_blessing_of_tepok_thunderous_aura_strider_contact_electrifying_attacks_ammo_type_lightning	nanu_unit_passive_thunderous_aura	character_to_character_own	1.0000	start_turn_completed
nanu_dynamic_ror_lizard_ability_all_blessing_of_tepok_thunderous_aura_strider_contact_electrifying_attacks_ammo_type_lightning	wh_main_effect_attribute_enable_strider	character_to_character_own	1.0000	start_turn_completed
nanu_dynamic_ror_lizard_ability_all_blessing_of_tepok_thunderous_aura_strider_contact_electrifying_attacks_ammo_type_lightning	nanu_unit_contact_electrified	character_to_character_own	1.0000	start_turn_completed
nanu_dynamic_ror_lizard_ability_all_blessing_of_tepok_thunderous_aura_strider_contact_electrifying_attacks_ammo_type_lightning	nanu_dummy_ammo_type_lightning	character_to_character_own	1.0000	start_turn_completed
nanu_dynamic_ror_lizard_ability_all_blessing_of_tepok_thunderous_aura_strider_contact_electrifying_attacks_ammo_type_lightning	wh_main_effect_character_stat_range	character_to_character_own	10.0000	start_turn_completed
nanu_dynamic_ror_lizard_ability_all_blessing_of_tepok_thunderous_aura_strider_contact_electrifying_attacks_ammo_type_lightning	wh_main_effect_character_stat_charge_bonus_add	character_to_character_own	10.0000	start_turn_completed
nanu_dynamic_ror_lizard_ability_all_blessing_of_tepok_urannons_thunderbolt_strider	nanu_unit_ability_urannons_thunderbolt	character_to_character_own	1.0000	start_turn_completed
nanu_dynamic_ror_lizard_ability_all_blessing_of_tepok_urannons_thunderbolt_strider	wh_main_effect_character_stat_magic_resistance	character_to_character_own	25.0000	start_turn_completed
nanu_dynamic_ror_lizard_ability_all_blessing_of_tepok_urannons_thunderbolt_strider	wh_main_effect_character_stat_speed	character_to_character_own	10.0000	start_turn_completed
nanu_dynamic_ror_lizard_ability_all_blessing_of_tepok_urannons_thunderbolt_strider	wh_main_effect_attribute_enable_strider	character_to_character_own	1.0000	start_turn_completed
nanu_dynamic_ror_lizard_ability_all_blessing_of_tepok_urannons_thunderbolt_strider	nanu_context_lizardmen	character_to_character_own	1.0000	start_turn_completed
nanu_dynamic_ror_lizard_ability_all_shield_of_the_old_ones	wh_main_effect_character_stat_ward_save	character_to_character_own	5.0000	start_turn_completed
nanu_dynamic_ror_lizard_ability_all_shield_of_the_old_ones	wh2_main_effect_ability_enable_aura_of_quetzl	character_to_character_own	1.0000	start_turn_completed
nanu_dynamic_ror_lizard_ability_all_shield_of_the_old_ones	wh_main_effect_character_stat_leadership	character_to_character_own	3.0000	start_turn_completed
nanu_dynamic_ror_lizard_ability_all_shield_of_the_old_ones	wh_main_effect_character_stat_melee_attack	character_to_character_own	2.0000	start_turn_completed
nanu_dynamic_ror_lizard_ability_all_shield_of_the_old_ones	wh_main_effect_character_stat_armour	character_to_character_own	10.0000	start_turn_completed
nanu_dynamic_ror_lizard_ability_all_shield_of_the_old_ones	nanu_context_lizardmen	character_to_character_own	1.0000	start_turn_completed
nanu_dynamic_ror_lizard_ability_all_special_blessing_of_chotec_aura_of_ensorcelling_flaming_attacks_ammo_type_flaming	nanu_unit_passive_ensorcelled_weapons_flaming_aoe	character_to_character_own	1.0000	start_turn_completed
nanu_dynamic_ror_lizard_ability_all_special_blessing_of_chotec_aura_of_ensorcelling_flaming_attacks_ammo_type_flaming	wh2_main_effect_character_stat_enable_flaming_attacks	character_to_character_own	1.0000	start_turn_completed
nanu_dynamic_ror_lizard_ability_all_special_blessing_of_chotec_aura_of_ensorcelling_flaming_attacks_ammo_type_flaming	nanu_ammo_type_flaming	character_to_character_own	1.0000	start_turn_completed
nanu_dynamic_ror_lizard_ability_all_special_blessing_of_chotec_aura_of_ensorcelling_flaming_attacks_ammo_type_flaming	nanu_stat_melee_damage_mult	character_to_character_own	5.0000	start_turn_completed
nanu_dynamic_ror_lizard_ability_all_special_blessing_of_chotec_aura_of_ensorcelling_flaming_attacks_ammo_type_flaming	nanu_stat_missile_damage_mult	character_to_character_own	5.0000	start_turn_completed
nanu_dynamic_ror_lizard_ability_all_special_blessing_of_chotec_aura_of_ensorcelling_flaming_attacks_ammo_type_flaming	wh_main_effect_character_stat_unit_health	character_to_character_own	4.0000	start_turn_completed
nanu_dynamic_ror_lizard_ability_all_special_blessing_of_chotec_aura_of_ensorcelling_flaming_attacks_ammo_type_flaming	nanu_context_lizardmen	character_to_character_own	1.0000	start_turn_completed
nanu_dynamic_ror_lizard_ability_all_special_blessing_of_chotec_encorcolled_weapons_flaming_attacks_ammo_type_flaming	nanu_unit_passive_ensorcelled_weapons_flaming	character_to_character_own	1.0000	start_turn_completed
nanu_dynamic_ror_lizard_ability_all_special_blessing_of_chotec_encorcolled_weapons_flaming_attacks_ammo_type_flaming	wh2_main_effect_character_stat_enable_flaming_attacks	character_to_character_own	1.0000	start_turn_completed
nanu_dynamic_ror_lizard_ability_all_special_blessing_of_chotec_encorcolled_weapons_flaming_attacks_ammo_type_flaming	nanu_ammo_type_flaming	character_to_character_own	1.0000	start_turn_completed
nanu_dynamic_ror_lizard_ability_all_special_blessing_of_chotec_encorcolled_weapons_flaming_attacks_ammo_type_flaming	nanu_stat_melee_damage_mult	character_to_character_own	5.0000	start_turn_completed
nanu_dynamic_ror_lizard_ability_all_special_blessing_of_chotec_encorcolled_weapons_flaming_attacks_ammo_type_flaming	nanu_stat_missile_damage_mult	character_to_character_own	5.0000	start_turn_completed
nanu_dynamic_ror_lizard_ability_all_special_blessing_of_chotec_encorcolled_weapons_flaming_attacks_ammo_type_flaming	wh_main_effect_character_stat_unit_health	character_to_character_own	4.0000	start_turn_completed
nanu_dynamic_ror_lizard_ability_all_special_blessing_of_chotec_encorcolled_weapons_flaming_attacks_ammo_type_flaming	nanu_context_lizardmen	character_to_character_own	1.0000	start_turn_completed
nanu_dynamic_ror_lizard_ability_all_special_blessing_of_huanchi_from_the_mist_snipe	nanu_unit_passive_from_the_mist	character_to_character_own	1.0000	start_turn_completed
nanu_dynamic_ror_lizard_ability_all_special_blessing_of_huanchi_from_the_mist_snipe	wh_main_effect_attribute_enable_stalk	character_to_character_own	1.0000	start_turn_completed
nanu_dynamic_ror_lizard_ability_all_special_blessing_of_huanchi_from_the_mist_snipe	wh_dlc14_effect_unit_enable_attribute_unspottable	character_to_character_own	1.0000	start_turn_completed
nanu_dynamic_ror_lizard_ability_all_special_blessing_of_huanchi_from_the_mist_snipe	wh2_dlc10_effect_attribute_enable_snipe	character_to_character_own	1.0000	start_turn_completed
nanu_dynamic_ror_lizard_ability_all_special_blessing_of_huanchi_from_the_mist_snipe	wh_main_effect_character_stat_charge_bonus_add	character_to_character_own	15.0000	start_turn_completed
nanu_dynamic_ror_lizard_ability_all_special_blessing_of_huanchi_from_the_mist_snipe	wh_main_effect_character_stat_range	character_to_character_own	10.0000	start_turn_completed
nanu_dynamic_ror_lizard_ability_all_special_blessing_of_huanchi_from_the_mist_snipe	wh_main_effect_character_stat_speed	character_to_character_own	10.0000	start_turn_completed
nanu_dynamic_ror_lizard_ability_all_special_blessing_of_huanchi_from_the_mist_snipe	nanu_context_lizardmen	character_to_character_own	1.0000	start_turn_completed
nanu_dynamic_ror_lizard_ability_all_special_blessing_of_quetzl_aura_of_protection	nanu_unit_passive_aura_of_protection	character_to_character_own	1.0000	start_turn_completed
nanu_dynamic_ror_lizard_ability_all_special_blessing_of_quetzl_aura_of_protection	wh_main_effect_character_stat_physical_resistance	character_to_character_own	10.0000	start_turn_completed
nanu_dynamic_ror_lizard_ability_all_special_blessing_of_quetzl_aura_of_protection	wh_main_effect_character_stat_leadership	character_to_character_own	3.0000	start_turn_completed
nanu_dynamic_ror_lizard_ability_all_special_blessing_of_quetzl_aura_of_protection	wh_main_effect_character_stat_armour	character_to_character_own	10.0000	start_turn_completed
nanu_dynamic_ror_lizard_ability_all_special_blessing_of_quetzl_aura_of_protection	nanu_context_lizardmen	character_to_character_own	1.0000	start_turn_completed
nanu_dynamic_ror_lizard_ability_all_special_blessing_of_quetzl_aura_of_quetzl	wh2_main_effect_ability_enable_aura_of_quetzl	character_to_character_own	1.0000	start_turn_completed
nanu_dynamic_ror_lizard_ability_all_special_blessing_of_quetzl_aura_of_quetzl	wh_main_effect_character_stat_leadership	character_to_character_own	3.0000	start_turn_completed
nanu_dynamic_ror_lizard_ability_all_special_blessing_of_quetzl_aura_of_quetzl	wh_main_effect_character_stat_armour	character_to_character_own	20.0000	start_turn_completed
nanu_dynamic_ror_lizard_ability_all_special_blessing_of_quetzl_aura_of_quetzl	nanu_context_lizardmen	character_to_character_own	1.0000	start_turn_completed
nanu_dynamic_ror_lizard_ability_all_special_blessing_of_quetzl_aura_of_shielding	nanu_unit_passive_aura_of_shielding	character_to_character_own	1.0000	start_turn_completed
nanu_dynamic_ror_lizard_ability_all_special_blessing_of_quetzl_aura_of_shielding	wh_main_effect_character_stat_missile_resistance	character_to_character_own	10.0000	start_turn_completed
nanu_dynamic_ror_lizard_ability_all_special_blessing_of_quetzl_aura_of_shielding	wh_main_effect_character_stat_leadership	character_to_character_own	3.0000	start_turn_completed
nanu_dynamic_ror_lizard_ability_all_special_blessing_of_quetzl_aura_of_shielding	wh_main_effect_character_stat_armour	character_to_character_own	10.0000	start_turn_completed
nanu_dynamic_ror_lizard_ability_all_special_blessing_of_quetzl_aura_of_shielding	nanu_context_lizardmen	character_to_character_own	1.0000	start_turn_completed
nanu_dynamic_ror_lizard_ability_all_special_blessing_of_tepok_spellshield_aura	nanu_unit_passive_spellshield_aura	character_to_character_own	1.0000	start_turn_completed
nanu_dynamic_ror_lizard_ability_all_special_blessing_of_tepok_spellshield_aura	wh_main_effect_character_stat_range	character_to_character_own	10.0000	start_turn_completed
nanu_dynamic_ror_lizard_ability_all_special_blessing_of_tepok_spellshield_aura	wh_main_effect_character_stat_armour	character_to_character_own	10.0000	start_turn_completed
nanu_dynamic_ror_lizard_ability_all_special_blessing_of_tepok_spellshield_aura	wh3_main_effect_battle_barrier_health_add	character_to_character_own	600.0000	start_turn_completed
nanu_dynamic_ror_lizard_ability_all_special_blessing_of_tepok_spellshield_aura	wh_main_effect_character_stat_magic_resistance	character_to_character_own	15.0000	start_turn_completed
nanu_dynamic_ror_lizard_ability_all_special_blessing_of_tepok_spellshield_aura	nanu_context_lizardmen	character_to_character_own	1.0000	start_turn_completed
nanu_dynamic_ror_lizard_ability_all_special_mark_of_the_terradon_flanker_vanguard	nanu_unit_passive_flanker	character_to_character_own	1.0000	start_turn_completed
nanu_dynamic_ror_lizard_ability_all_special_mark_of_the_terradon_flanker_vanguard	wh_main_effect_attribute_enable_vanguard_deployment	character_to_character_own	1.0000	start_turn_completed
nanu_dynamic_ror_lizard_ability_all_special_mark_of_the_terradon_flanker_vanguard	wh_main_effect_character_stat_range	character_to_character_own	10.0000	start_turn_completed
nanu_dynamic_ror_lizard_ability_all_special_mark_of_the_terradon_flanker_vanguard	wh_main_effect_character_stat_melee_defence	character_to_character_own	2.0000	start_turn_completed
nanu_dynamic_ror_lizard_ability_all_special_mark_of_the_terradon_flanker_vanguard	wh_main_effect_character_stat_missile_resistance	character_to_character_own	10.0000	start_turn_completed
nanu_dynamic_ror_lizard_ability_all_special_mark_of_the_terradon_flanker_vanguard	wh_main_effect_character_stat_speed	character_to_character_own	10.0000	start_turn_completed
nanu_dynamic_ror_lizard_ability_all_special_mark_of_the_terradon_flanker_vanguard	nanu_context_lizardmen	character_to_character_own	1.0000	start_turn_completed
nanu_dynamic_ror_lizard_ability_melee_horn_of_kygor	wh2_main_effect_ability_enable_the_horn_of_kygor	character_to_character_own	1.0000	start_turn_completed
nanu_dynamic_ror_lizard_ability_melee_horn_of_kygor	nanu_stat_melee_damage_mult	character_to_character_own	5.0000	start_turn_completed
nanu_dynamic_ror_lizard_ability_melee_horn_of_kygor	wh_main_effect_character_stat_ap_damage	character_to_character_own	4.0000	start_turn_completed
nanu_dynamic_ror_lizard_ability_melee_horn_of_kygor	wh_main_effect_character_stat_melee_attack	character_to_character_own	2.0000	start_turn_completed
nanu_dynamic_ror_lizard_ability_melee_horn_of_kygor	nanu_context_lizardmen	character_to_character_own	1.0000	start_turn_completed
nanu_dynamic_ror_lizard_ability_melee_special_blessing_of_chotec_blinding_radiance_flaming_attacks	nanu_unit_passive_blinding_radiance	character_to_character_own	1.0000	start_turn_completed
nanu_dynamic_ror_lizard_ability_melee_special_blessing_of_chotec_blinding_radiance_flaming_attacks	wh2_main_effect_character_stat_enable_flaming_attacks	character_to_character_own	1.0000	start_turn_completed
nanu_dynamic_ror_lizard_ability_melee_special_blessing_of_chotec_blinding_radiance_flaming_attacks	nanu_ammo_type_flaming	character_to_character_own	1.0000	start_turn_completed
nanu_dynamic_ror_lizard_ability_melee_special_blessing_of_chotec_blinding_radiance_flaming_attacks	nanu_stat_melee_damage_mult	character_to_character_own	5.0000	start_turn_completed
nanu_dynamic_ror_lizard_ability_melee_special_blessing_of_chotec_blinding_radiance_flaming_attacks	nanu_stat_missile_damage_mult	character_to_character_own	5.0000	start_turn_completed
nanu_dynamic_ror_lizard_ability_melee_special_blessing_of_chotec_blinding_radiance_flaming_attacks	wh_main_effect_character_stat_unit_health	character_to_character_own	4.0000	start_turn_completed
nanu_dynamic_ror_lizard_ability_melee_special_blessing_of_chotec_blinding_radiance_flaming_attacks	nanu_context_lizardmen	character_to_character_own	1.0000	start_turn_completed
nanu_dynamic_ror_lizard_ability_melee_special_mark_of_the_carnosaur_frenzy_bonus_vs_large_attribute_causes_fear_glorious_charge	nanu_stat_melee_damage_mult	character_to_character_own	5.0000	start_turn_completed
nanu_dynamic_ror_lizard_ability_melee_special_mark_of_the_carnosaur_frenzy_bonus_vs_large_attribute_causes_fear_glorious_charge	nanu_stat_melee_damage_ap_add	character_to_character_own	4.0000	start_turn_completed
nanu_dynamic_ror_lizard_ability_melee_special_mark_of_the_carnosaur_frenzy_bonus_vs_large_attribute_causes_fear_glorious_charge	wh_main_effect_character_stat_bonus_vs_large	character_to_character_own	16.0000	start_turn_completed
nanu_dynamic_ror_lizard_ability_melee_special_mark_of_the_carnosaur_frenzy_bonus_vs_large_attribute_causes_fear_glorious_charge	nanu_stat_bonus_vs_infantry_hidden	character_to_character_own	-100.0000	start_turn_completed
nanu_dynamic_ror_lizard_ability_melee_special_mark_of_the_carnosaur_frenzy_bonus_vs_large_attribute_causes_fear_glorious_charge	wh_main_effect_character_stat_charge_bonus_pct	character_to_character_own	10.0000	start_turn_completed
nanu_dynamic_ror_lizard_ability_melee_special_mark_of_the_carnosaur_frenzy_bonus_vs_large_attribute_causes_fear_glorious_charge	wh_dlc08_effect_ability_enable_frenzy	character_to_character_own	1.0000	start_turn_completed
nanu_dynamic_ror_lizard_ability_melee_special_mark_of_the_carnosaur_frenzy_bonus_vs_large_attribute_causes_fear_glorious_charge	nanu_attribute_enable_glorious_charge	character_to_character_own	1.0000	start_turn_completed
nanu_dynamic_ror_lizard_ability_melee_special_mark_of_the_carnosaur_frenzy_bonus_vs_large_attribute_causes_fear_glorious_charge	wh_main_effect_attribute_enable_causes_fear	character_to_character_own	1.0000	start_turn_completed
nanu_dynamic_ror_lizard_ability_melee_special_mark_of_the_carnosaur_frenzy_bonus_vs_large_attribute_causes_fear_glorious_charge	nanu_context_lizardmen	character_to_character_own	1.0000	start_turn_completed
nanu_dynamic_ror_lizard_ability_melee_special_mark_of_the_horned_one_ability_run_them_down_attribute_cause_fear	wh3_main_effect_character_stat_unit_mass_percentage_mod	character_to_character_own	20.0000	start_turn_completed
nanu_dynamic_ror_lizard_ability_melee_special_mark_of_the_horned_one_ability_run_them_down_attribute_cause_fear	nanu_stat_melee_damage_mult	character_to_character_own	5.0000	start_turn_completed
nanu_dynamic_ror_lizard_ability_melee_special_mark_of_the_horned_one_ability_run_them_down_attribute_cause_fear	nanu_stat_melee_damage_ap_mult	character_to_character_own	10.0000	start_turn_completed
nanu_dynamic_ror_lizard_ability_melee_special_mark_of_the_horned_one_ability_run_them_down_attribute_cause_fear	wh_main_effect_character_stat_melee_attack	character_to_character_own	3.0000	start_turn_completed
nanu_dynamic_ror_lizard_ability_melee_special_mark_of_the_horned_one_ability_run_them_down_attribute_cause_fear	wh_main_effect_character_stat_charge_bonus_add	character_to_character_own	5.0000	start_turn_completed
nanu_dynamic_ror_lizard_ability_melee_special_mark_of_the_horned_one_ability_run_them_down_attribute_cause_fear	nanu_unit_passive_run_them_down	character_to_character_own	1.0000	start_turn_completed
nanu_dynamic_ror_lizard_ability_melee_special_mark_of_the_horned_one_ability_run_them_down_attribute_cause_fear	wh_main_effect_attribute_enable_causes_fear	character_to_character_own	1.0000	start_turn_completed
nanu_dynamic_ror_lizard_ability_melee_special_mark_of_the_horned_one_ability_run_them_down_attribute_cause_fear	nanu_context_lizardmen	character_to_character_own	1.0000	start_turn_completed
nanu_dynamic_ror_lizard_ability_melee_special_mark_of_the_ripperdactyl_frenzy_bonus_vs_infantry_attribute_immPsy_devastating_flanker_vanguard	nanu_stat_melee_damage_mult	character_to_character_own	5.0000	start_turn_completed
nanu_dynamic_ror_lizard_ability_melee_special_mark_of_the_ripperdactyl_frenzy_bonus_vs_infantry_attribute_immPsy_devastating_flanker_vanguard	nanu_stat_melee_damage_ap_mult	character_to_character_own	15.0000	start_turn_completed
nanu_dynamic_ror_lizard_ability_melee_special_mark_of_the_ripperdactyl_frenzy_bonus_vs_infantry_attribute_immPsy_devastating_flanker_vanguard	wh_main_effect_character_stat_bonus_vs_infantry	character_to_character_own	16.0000	start_turn_completed
nanu_dynamic_ror_lizard_ability_melee_special_mark_of_the_ripperdactyl_frenzy_bonus_vs_infantry_attribute_immPsy_devastating_flanker_vanguard	wh_main_effect_character_stat_melee_attack	character_to_character_own	3.0000	start_turn_completed
nanu_dynamic_ror_lizard_ability_melee_special_mark_of_the_ripperdactyl_frenzy_bonus_vs_infantry_attribute_immPsy_devastating_flanker_vanguard	nanu_stat_bonus_vs_large_hidden	character_to_character_own	-100.0000	start_turn_completed
nanu_dynamic_ror_lizard_ability_melee_special_mark_of_the_ripperdactyl_frenzy_bonus_vs_infantry_attribute_immPsy_devastating_flanker_vanguard	wh_main_effect_character_stat_charge_bonus_add	character_to_character_own	5.0000	start_turn_completed
nanu_dynamic_ror_lizard_ability_melee_special_mark_of_the_ripperdactyl_frenzy_bonus_vs_infantry_attribute_immPsy_devastating_flanker_vanguard	wh_dlc08_effect_ability_enable_frenzy	character_to_character_own	1.0000	start_turn_completed
nanu_dynamic_ror_lizard_ability_melee_special_mark_of_the_ripperdactyl_frenzy_bonus_vs_infantry_attribute_immPsy_devastating_flanker_vanguard	nanu_context_lizardmen	character_to_character_own	1.0000	start_turn_completed
nanu_dynamic_ror_lizard_ability_melee_swiftness_of_itzl	wh_main_effect_character_stat_charge_bonus_pct	character_to_character_own	15.0000	start_turn_completed
nanu_dynamic_ror_lizard_ability_melee_swiftness_of_itzl	wh_main_effect_character_stat_speed	character_to_character_own	10.0000	start_turn_completed
nanu_dynamic_ror_lizard_ability_melee_swiftness_of_itzl	nanu_unit_ability_swiftness_of_itzl	character_to_character_own	1.0000	start_turn_completed
nanu_dynamic_ror_lizard_ability_melee_swiftness_of_itzl	wh_main_effect_attribute_enable_strider	character_to_character_own	1.0000	start_turn_completed
nanu_dynamic_ror_lizard_ability_melee_swiftness_of_itzl	nanu_context_lizardmen	character_to_character_own	1.0000	start_turn_completed
nanu_dynamic_ror_lizard_attribute_melee_special_attribute_mark_of_the_cold_one_devastaing_flanker_strider_vanguard	wh_main_effect_character_stat_speed	character_to_character_own	10.0000	start_turn_completed
nanu_dynamic_ror_lizard_attribute_melee_special_attribute_mark_of_the_cold_one_devastaing_flanker_strider_vanguard	wh_main_effect_character_stat_melee_attack	character_to_character_own	2.0000	start_turn_completed
nanu_dynamic_ror_lizard_attribute_melee_special_attribute_mark_of_the_cold_one_devastaing_flanker_strider_vanguard	wh_main_effect_character_stat_charge_bonus_pct	character_to_character_own	15.0000	start_turn_completed
nanu_dynamic_ror_lizard_attribute_melee_special_attribute_mark_of_the_cold_one_devastaing_flanker_strider_vanguard	wh_main_effect_attribute_enable_vanguard_deployment	character_to_character_own	1.0000	start_turn_completed
nanu_dynamic_ror_lizard_attribute_melee_special_attribute_mark_of_the_cold_one_devastaing_flanker_strider_vanguard	wh3_main_effect_attribute_enable_devestating_flanker	character_to_character_own	1.0000	start_turn_completed
nanu_dynamic_ror_lizard_attribute_melee_special_attribute_mark_of_the_cold_one_devastaing_flanker_strider_vanguard	wh_main_effect_attribute_enable_strider	character_to_character_own	1.0000	start_turn_completed
nanu_dynamic_ror_lizard_attribute_melee_special_attribute_mark_of_the_cold_one_devastaing_flanker_strider_vanguard	nanu_context_lizardmen	character_to_character_own	1.0000	start_turn_completed
nanu_dynamic_ror_lizard_attribute_melee_special_mark_of_the_bastiladon_flanking_immune	nanu_attribute_enable_flanking_immune	character_to_character_own	1.0000	start_turn_completed
nanu_dynamic_ror_lizard_attribute_melee_special_mark_of_the_bastiladon_flanking_immune	wh3_main_effect_character_stat_unit_mass_percentage_mod	character_to_character_own	20.0000	start_turn_completed
nanu_dynamic_ror_lizard_attribute_melee_special_mark_of_the_bastiladon_flanking_immune	wh_main_effect_character_stat_unit_health	character_to_character_own	6.0000	start_turn_completed
nanu_dynamic_ror_lizard_attribute_melee_special_mark_of_the_bastiladon_flanking_immune	wh_main_effect_character_stat_armour	character_to_character_own	25.0000	start_turn_completed
nanu_dynamic_ror_lizard_attribute_melee_special_mark_of_the_bastiladon_flanking_immune	wh_main_effect_character_stat_missile_resistance	character_to_character_own	10.0000	start_turn_completed
nanu_dynamic_ror_lizard_attribute_melee_special_mark_of_the_bastiladon_flanking_immune	nanu_context_lizardmen	character_to_character_own	1.0000	start_turn_completed
nanu_dynamic_ror_lizard_attribute_melee_special_mark_of_the_dread_saurian_causes_terror	nanu_stat_melee_damage_mult	character_to_character_own	20.0000	start_turn_completed
nanu_dynamic_ror_lizard_attribute_melee_special_mark_of_the_dread_saurian_causes_terror	wh3_main_effect_character_stat_unit_mass_percentage_mod	character_to_character_own	25.0000	start_turn_completed
nanu_dynamic_ror_lizard_attribute_melee_special_mark_of_the_dread_saurian_causes_terror	wh_main_effect_character_stat_unit_health	character_to_character_own	10.0000	start_turn_completed
nanu_dynamic_ror_lizard_attribute_melee_special_mark_of_the_dread_saurian_causes_terror	wh_main_effect_attribute_enable_causes_terror	character_to_character_own	1.0000	start_turn_completed
nanu_dynamic_ror_lizard_attribute_melee_special_mark_of_the_dread_saurian_causes_terror	nanu_context_lizardmen	character_to_character_own	1.0000	start_turn_completed
nanu_dynamic_ror_lizard_attribute_melee_special_mark_of_the_stegadon_ogre_charge	wh3_main_effect_character_stat_unit_mass_percentage_mod	character_to_character_own	15.0000	start_turn_completed
nanu_dynamic_ror_lizard_attribute_melee_special_mark_of_the_stegadon_ogre_charge	wh_main_effect_character_stat_unit_health	character_to_character_own	4.0000	start_turn_completed
nanu_dynamic_ror_lizard_attribute_melee_special_mark_of_the_stegadon_ogre_charge	wh_main_effect_character_stat_armour	character_to_character_own	15.0000	start_turn_completed
nanu_dynamic_ror_lizard_attribute_melee_special_mark_of_the_stegadon_ogre_charge	wh_main_effect_character_stat_charge_bonus_add	character_to_character_own	15.0000	start_turn_completed
nanu_dynamic_ror_lizard_attribute_melee_special_mark_of_the_stegadon_ogre_charge	nanu_attribute_enable_ogre_charge	character_to_character_own	1.0000	start_turn_completed
nanu_dynamic_ror_lizard_attribute_melee_special_mark_of_the_stegadon_ogre_charge	nanu_context_lizardmen	character_to_character_own	1.0000	start_turn_completed
nanu_dynamic_ror_lizard_contact_all_blessing_of_sotek_potent_poison	nanu_unit_contact_potent_poison	character_to_character_own	1.0000	start_turn_completed
nanu_dynamic_ror_lizard_contact_all_blessing_of_sotek_potent_poison	nanu_stat_missile_damage_mult	character_to_character_own	5.0000	start_turn_completed
nanu_dynamic_ror_lizard_contact_all_blessing_of_sotek_potent_poison	nanu_stat_missile_damage_base_add	character_to_character_own	1.0000	start_turn_completed
nanu_dynamic_ror_lizard_contact_all_blessing_of_sotek_potent_poison	nanu_stat_melee_damage_mult	character_to_character_own	8.0000	start_turn_completed
nanu_dynamic_ror_lizard_contact_all_blessing_of_sotek_potent_poison	nanu_stat_melee_damage_base_add	character_to_character_own	2.0000	start_turn_completed
nanu_dynamic_ror_lizard_contact_all_blessing_of_sotek_potent_poison	wh_main_effect_character_stat_speed	character_to_character_own	10.0000	start_turn_completed
nanu_dynamic_ror_lizard_contact_all_blessing_of_sotek_potent_poison	wh_main_effect_character_stat_missile_resistance	character_to_character_own	10.0000	start_turn_completed
nanu_dynamic_ror_lizard_contact_all_blessing_of_sotek_potent_poison	nanu_context_lizardmen	character_to_character_own	1.0000	start_turn_completed
nanu_dynamic_ror_lizard_contact_all_blessing_of_sotek_virulent_poison	nanu_unit_contact_virulent_poison	character_to_character_own	1.0000	start_turn_completed
nanu_dynamic_ror_lizard_contact_all_blessing_of_sotek_virulent_poison	nanu_stat_missile_damage_mult	character_to_character_own	5.0000	start_turn_completed
nanu_dynamic_ror_lizard_contact_all_blessing_of_sotek_virulent_poison	nanu_stat_missile_damage_base_add	character_to_character_own	1.0000	start_turn_completed
nanu_dynamic_ror_lizard_contact_all_blessing_of_sotek_virulent_poison	nanu_stat_melee_damage_mult	character_to_character_own	8.0000	start_turn_completed
nanu_dynamic_ror_lizard_contact_all_blessing_of_sotek_virulent_poison	nanu_stat_melee_damage_base_add	character_to_character_own	2.0000	start_turn_completed
nanu_dynamic_ror_lizard_contact_all_blessing_of_sotek_virulent_poison	wh_main_effect_character_stat_speed	character_to_character_own	10.0000	start_turn_completed
nanu_dynamic_ror_lizard_contact_all_blessing_of_sotek_virulent_poison	wh_main_effect_character_stat_missile_resistance	character_to_character_own	10.0000	start_turn_completed
nanu_dynamic_ror_lizard_contact_all_blessing_of_sotek_virulent_poison	nanu_context_lizardmen	character_to_character_own	1.0000	start_turn_completed
nanu_dynamic_ror_lizard_contact_all_slow_death	nanu_stat_missile_damage_base_add	character_to_character_own	3.0000	start_turn_completed
nanu_dynamic_ror_lizard_contact_all_slow_death	nanu_stat_missile_damage_mult	character_to_character_own	5.0000	start_turn_completed
nanu_dynamic_ror_lizard_contact_all_slow_death	wh_main_effect_character_stat_range	character_to_character_own	10.0000	start_turn_completed
nanu_dynamic_ror_lizard_contact_all_slow_death	nanu_unit_contact_slow_death	character_to_character_own	1.0000	start_turn_completed
nanu_dynamic_ror_lizard_contact_all_slow_death	nanu_context_lizardmen	character_to_character_own	1.0000	start_turn_completed
nanu_dynamic_ror_lizard_contact_all_special_mark_of_the_troglodon_virulent_poison_woodsman_vanguard	nanu_unit_contact_virulent_poison	character_to_character_own	1.0000	start_turn_completed
nanu_dynamic_ror_lizard_contact_all_special_mark_of_the_troglodon_virulent_poison_woodsman_vanguard	wh2_dlc15_effect_unit_enable_attribute_woodsman	character_to_character_own	1.0000	start_turn_completed
nanu_dynamic_ror_lizard_contact_all_special_mark_of_the_troglodon_virulent_poison_woodsman_vanguard	wh_main_effect_attribute_enable_vanguard_deployment	character_to_character_own	1.0000	start_turn_completed
nanu_dynamic_ror_lizard_contact_all_special_mark_of_the_troglodon_virulent_poison_woodsman_vanguard	nanu_stat_melee_damage_mult	character_to_character_own	8.0000	start_turn_completed
nanu_dynamic_ror_lizard_contact_all_special_mark_of_the_troglodon_virulent_poison_woodsman_vanguard	nanu_stat_missile_damage_mult	character_to_character_own	5.0000	start_turn_completed
nanu_dynamic_ror_lizard_contact_all_special_mark_of_the_troglodon_virulent_poison_woodsman_vanguard	wh_main_effect_character_stat_charge_bonus_pct	character_to_character_own	15.0000	start_turn_completed
nanu_dynamic_ror_lizard_contact_all_special_mark_of_the_troglodon_virulent_poison_woodsman_vanguard	wh_main_effect_character_stat_speed	character_to_character_own	10.0000	start_turn_completed
nanu_dynamic_ror_lizard_contact_all_special_mark_of_the_troglodon_virulent_poison_woodsman_vanguard	nanu_context_lizardmen	character_to_character_own	1.0000	start_turn_completed
nanu_dynamic_ror_special_lizard_ally_all_ability_hunter_snare	wh2_dlc13_ability_enable_hunter_snare_0	character_to_character_own	1.0000	start_turn_completed
nanu_dynamic_ror_special_lizard_ally_all_ability_hunter_snare	nanu_stat_melee_damage_ap_add	character_to_character_own	3.0000	start_turn_completed
nanu_dynamic_ror_special_lizard_ally_all_ability_hunter_snare	nanu_stat_missile_damage_ap_add	character_to_character_own	1.0000	start_turn_completed
nanu_dynamic_ror_special_lizard_ally_all_ability_hunter_snare	wh2_main_effect_character_stat_weapon_strength_vs_chaos_norsca	character_to_character_own	10.0000	start_turn_completed
nanu_dynamic_ror_special_lizard_ally_all_ability_hunter_snare	nanu_stat_missile_damage_vs_chaos	character_to_character_own	10.0000	start_turn_completed
nanu_dynamic_ror_special_lizard_ally_all_ability_hunter_trap	wh2_dlc13_ability_enable_hunter_snare_1	character_to_character_own	1.0000	start_turn_completed
nanu_dynamic_ror_special_lizard_ally_all_ability_hunter_trap	nanu_stat_melee_damage_ap_add	character_to_character_own	3.0000	start_turn_completed
nanu_dynamic_ror_special_lizard_ally_all_ability_hunter_trap	nanu_stat_missile_damage_ap_add	character_to_character_own	1.0000	start_turn_completed
nanu_dynamic_ror_special_lizard_ally_all_ability_hunter_trap	wh2_main_effect_character_stat_weapon_strength_vs_chaos_norsca	character_to_character_own	10.0000	start_turn_completed
nanu_dynamic_ror_special_lizard_ally_all_ability_hunter_trap	nanu_stat_missile_damage_vs_chaos	character_to_character_own	10.0000	start_turn_completed
nanu_dynamic_ror_special_lizard_ally_all_contact_poison_attacks_ammo_type_poison	wh_main_effect_character_stat_enable_poison_attacks	character_to_character_own	1.0000	start_turn_completed
nanu_dynamic_ror_special_lizard_ally_all_contact_poison_attacks_ammo_type_poison	nanu_stat_missile_damage_base_add	character_to_character_own	3.0000	start_turn_completed
nanu_dynamic_ror_special_lizard_ally_all_contact_poison_attacks_ammo_type_poison	nanu_stat_missile_damage_mult	character_to_character_own	8.0000	start_turn_completed
nanu_dynamic_ror_special_lizard_ally_all_contact_poison_attacks_ammo_type_poison	nanu_stat_melee_damage_base_add	character_to_character_own	3.0000	start_turn_completed
nanu_dynamic_ror_special_lizard_ally_all_contact_poison_attacks_ammo_type_poison	nanu_stat_melee_damage_mult	character_to_character_own	8.0000	start_turn_completed
nanu_dynamic_ror_special_lizard_ally_all_contact_poison_attacks_ammo_type_poison	nanu_dummy_ammo_type_poison	character_to_character_own	1.0000	start_turn_completed
nanu_dynamic_ror_special_lizard_ally_all_contact_potent_poison_attacks_ammo_type_poison	nanu_unit_contact_potent_poison	character_to_character_own	1.0000	start_turn_completed
nanu_dynamic_ror_special_lizard_ally_all_contact_potent_poison_attacks_ammo_type_poison	nanu_stat_missile_damage_base_add	character_to_character_own	3.0000	start_turn_completed
nanu_dynamic_ror_special_lizard_ally_all_contact_potent_poison_attacks_ammo_type_poison	nanu_stat_missile_damage_mult	character_to_character_own	8.0000	start_turn_completed
nanu_dynamic_ror_special_lizard_ally_all_contact_potent_poison_attacks_ammo_type_poison	nanu_stat_melee_damage_base_add	character_to_character_own	3.0000	start_turn_completed
nanu_dynamic_ror_special_lizard_ally_all_contact_potent_poison_attacks_ammo_type_poison	nanu_stat_melee_damage_mult	character_to_character_own	8.0000	start_turn_completed
nanu_dynamic_ror_special_lizard_ally_all_contact_potent_poison_attacks_ammo_type_poison	nanu_dummy_ammo_type_poison	character_to_character_own	1.0000	start_turn_completed
nanu_dynamic_ror_special_lizard_ally_all_contact_rampaging_poison_attacks_ammo_type_poison	nanu_unit_contact_rampaging_poison	character_to_character_own	1.0000	start_turn_completed
nanu_dynamic_ror_special_lizard_ally_all_contact_rampaging_poison_attacks_ammo_type_poison	nanu_stat_missile_damage_base_add	character_to_character_own	3.0000	start_turn_completed
nanu_dynamic_ror_special_lizard_ally_all_contact_rampaging_poison_attacks_ammo_type_poison	nanu_stat_missile_damage_mult	character_to_character_own	8.0000	start_turn_completed
nanu_dynamic_ror_special_lizard_ally_all_contact_rampaging_poison_attacks_ammo_type_poison	nanu_stat_melee_damage_base_add	character_to_character_own	3.0000	start_turn_completed
nanu_dynamic_ror_special_lizard_ally_all_contact_rampaging_poison_attacks_ammo_type_poison	nanu_stat_melee_damage_mult	character_to_character_own	8.0000	start_turn_completed
nanu_dynamic_ror_special_lizard_ally_all_contact_rampaging_poison_attacks_ammo_type_poison	nanu_dummy_ammo_type_poison	character_to_character_own	1.0000	start_turn_completed
nanu_dynamic_ror_special_lizard_ally_all_contact_virulent_poison_attacks_ammo_type_poison	nanu_unit_contact_potent_poison	character_to_character_own	1.0000	start_turn_completed
nanu_dynamic_ror_special_lizard_ally_all_contact_virulent_poison_attacks_ammo_type_poison	nanu_stat_missile_damage_ap_add	character_to_character_own	2.0000	start_turn_completed
nanu_dynamic_ror_special_lizard_ally_all_contact_virulent_poison_attacks_ammo_type_poison	nanu_stat_missile_damage_mult	character_to_character_own	8.0000	start_turn_completed
nanu_dynamic_ror_special_lizard_ally_all_contact_virulent_poison_attacks_ammo_type_poison	nanu_stat_melee_damage_ap_add	character_to_character_own	2.0000	start_turn_completed
nanu_dynamic_ror_special_lizard_ally_all_contact_virulent_poison_attacks_ammo_type_poison	nanu_stat_melee_damage_mult	character_to_character_own	8.0000	start_turn_completed
nanu_dynamic_ror_special_lizard_ally_all_contact_virulent_poison_attacks_ammo_type_poison	nanu_dummy_ammo_type_poison	character_to_character_own	1.0000	start_turn_completed
nanu_dynamic_ror_special_lizard_ally_melee_ability_aura_of_warding	nanu_unit_passive_aura_of_warding	character_to_character_own	1.0000	start_turn_completed
nanu_dynamic_ror_special_lizard_ally_melee_ability_aura_of_warding	wh_main_effect_character_stat_ward_save	character_to_character_own	5.0000	start_turn_completed
nanu_dynamic_ror_special_lizard_ally_melee_ability_aura_of_warding	wh_main_effect_character_stat_armour	character_to_character_own	5.0000	start_turn_completed
nanu_dynamic_ror_special_lizard_ally_melee_ability_aura_of_warding	wh3_main_effect_force_stat_ward_save_vs_chaos_daemons	character_to_character_own	5.0000	start_turn_completed
nanu_dynamic_ror_special_lizard_ally_melee_ability_aura_of_warding	nanu_attribute_immPsy_vs_chaos	character_to_character_own	1.0000	start_turn_completed
nanu_dynamic_ror_special_lizard_ally_melee_ability_clairvoyance	nanu_unit_passive_clairvoyance	character_to_character_own	1.0000	start_turn_completed
nanu_dynamic_ror_special_lizard_ally_melee_ability_clairvoyance	wh_main_effect_character_stat_ward_save	character_to_character_own	5.0000	start_turn_completed
nanu_dynamic_ror_special_lizard_ally_melee_ability_clairvoyance	wh_main_effect_character_stat_melee_defence	character_to_character_own	3.0000	start_turn_completed
nanu_dynamic_ror_special_lizard_ally_melee_ability_clairvoyance	wh3_main_effect_force_stat_ward_save_vs_chaos_daemons	character_to_character_own	5.0000	start_turn_completed
nanu_dynamic_ror_special_lizard_ally_melee_ability_clairvoyance	nanu_attribute_immPsy_vs_chaos	character_to_character_own	1.0000	start_turn_completed
nanu_dynamic_ror_special_lizard_ally_melee_ability_frenzied_charge	nanu_unit_passive_frenzied_charge	character_to_character_own	1.0000	start_turn_completed
nanu_dynamic_ror_special_lizard_ally_melee_ability_frenzied_charge	wh_main_effect_character_stat_charge_bonus_add	character_to_character_own	5.0000	start_turn_completed
nanu_dynamic_ror_special_lizard_ally_melee_ability_frenzied_charge	nanu_stat_melee_damage_mult	character_to_character_own	5.0000	start_turn_completed
nanu_dynamic_ror_special_lizard_ally_melee_ability_frenzied_charge	wh_main_effect_character_stat_armour	character_to_character_own	5.0000	start_turn_completed
nanu_dynamic_ror_special_lizard_ally_melee_ability_frenzied_charge	wh2_main_effect_character_stat_weapon_strength_vs_chaos_norsca	character_to_character_own	10.0000	start_turn_completed
nanu_dynamic_ror_special_lizard_ally_melee_ability_frenzy_immPsy	wh_dlc08_effect_ability_enable_frenzy	character_to_character_own	1.0000	start_turn_completed
nanu_dynamic_ror_special_lizard_ally_melee_ability_frenzy_immPsy	wh_main_effect_character_stat_charge_bonus_add	character_to_character_own	5.0000	start_turn_completed
nanu_dynamic_ror_special_lizard_ally_melee_ability_frenzy_immPsy	nanu_stat_melee_damage_mult	character_to_character_own	5.0000	start_turn_completed
nanu_dynamic_ror_special_lizard_ally_melee_ability_frenzy_immPsy	wh_main_effect_character_stat_melee_attack	character_to_character_own	2.0000	start_turn_completed
nanu_dynamic_ror_special_lizard_ally_melee_ability_frenzy_immPsy	wh2_main_effect_character_stat_weapon_strength_vs_chaos_norsca	character_to_character_own	10.0000	start_turn_completed
nanu_dynamic_ror_special_lizard_ally_melee_ability_frenzy_immPsy	nanu_attribute_immPsy_vs_chaos	character_to_character_own	1.0000	start_turn_completed
nanu_dynamic_ror_special_lizard_ally_melee_ability_monstrous_strength_bonus_vs_infantry	nanu_unit_ability_monstrous_strength	character_to_character_own	1.0000	start_turn_completed
nanu_dynamic_ror_special_lizard_ally_melee_ability_monstrous_strength_bonus_vs_infantry	wh3_main_effect_character_stat_unit_mass_percentage_mod	character_to_character_own	15.0000	start_turn_completed
nanu_dynamic_ror_special_lizard_ally_melee_ability_monstrous_strength_bonus_vs_infantry	wh_main_effect_character_stat_armour	character_to_character_own	5.0000	start_turn_completed
nanu_dynamic_ror_special_lizard_ally_melee_ability_monstrous_strength_bonus_vs_infantry	nanu_stat_melee_damage_mult	character_to_character_own	8.0000	start_turn_completed
nanu_dynamic_ror_special_lizard_ally_melee_ability_monstrous_strength_bonus_vs_infantry	wh2_main_effect_character_stat_weapon_strength_vs_chaos_norsca	character_to_character_own	10.0000	start_turn_completed
nanu_dynamic_ror_special_lizard_ally_melee_ability_unstoppable_charge	nanu_unit_passive_unstoppable_charge	character_to_character_own	1.0000	start_turn_completed
nanu_dynamic_ror_special_lizard_ally_melee_ability_unstoppable_charge	wh_main_effect_character_stat_charge_bonus_add	character_to_character_own	5.0000	start_turn_completed
nanu_dynamic_ror_special_lizard_ally_melee_ability_unstoppable_charge	wh3_main_effect_character_stat_unit_mass_percentage_mod	character_to_character_own	15.0000	start_turn_completed
nanu_dynamic_ror_special_lizard_ally_melee_ability_unstoppable_charge	wh_main_effect_character_stat_armour	character_to_character_own	5.0000	start_turn_completed
nanu_dynamic_ror_special_lizard_ally_melee_ability_unstoppable_charge	wh2_main_effect_character_stat_weapon_strength_vs_chaos_norsca	character_to_character_own	10.0000	start_turn_completed
nanu_dynamic_ror_special_lizard_ally_melee_ability_unstoppable_charge	nanu_attribute_immPsy_vs_chaos	character_to_character_own	1.0000	start_turn_completed
nanu_dynamic_ror_special_lizard_ally_ranged_ability_expert_skirmisher_contact_potent_poison_ammo_type_poison	nanu_unit_passive_expert_skirmisher	character_to_character_own	1.0000	start_turn_completed
nanu_dynamic_ror_special_lizard_ally_ranged_ability_expert_skirmisher_contact_potent_poison_ammo_type_poison	nanu_unit_contact_potent_poison	character_to_character_own	1.0000	start_turn_completed
nanu_dynamic_ror_special_lizard_ally_ranged_ability_expert_skirmisher_contact_potent_poison_ammo_type_poison	nanu_stat_missile_damage_base_add	character_to_character_own	3.0000	start_turn_completed
nanu_dynamic_ror_special_lizard_ally_ranged_ability_expert_skirmisher_contact_potent_poison_ammo_type_poison	nanu_stat_missile_damage_mult	character_to_character_own	8.0000	start_turn_completed
nanu_dynamic_ror_special_lizard_ally_ranged_ability_expert_skirmisher_contact_potent_poison_ammo_type_poison	wh_main_effect_character_stat_speed	character_to_character_own	12.0000	start_turn_completed
nanu_dynamic_ror_special_lizard_ally_ranged_ability_expert_skirmisher_contact_potent_poison_ammo_type_poison	wh_main_effect_character_stat_armour	character_to_character_own	5.0000	start_turn_completed
nanu_dynamic_ror_special_lizard_ally_ranged_ability_expert_skirmisher_contact_potent_poison_ammo_type_poison	nanu_stat_missile_damage_vs_chaos	character_to_character_own	10.0000	start_turn_completed
nanu_dynamic_ror_special_lizard_ally_ranged_ability_expert_skirmisher_contact_potent_poison_ammo_type_poison	nanu_dummy_ammo_type_poison	character_to_character_own	1.0000	start_turn_completed
nanu_dynamic_ror_special_lizard_ally_ranged_ability_hawkish_precision_contact_virulent_poison_ammo_type_poison	nanu_unit_passive_hawkish_precision	character_to_character_own	1.0000	start_turn_completed
nanu_dynamic_ror_special_lizard_ally_ranged_ability_hawkish_precision_contact_virulent_poison_ammo_type_poison	nanu_unit_contact_virulent_poison	character_to_character_own	1.0000	start_turn_completed
nanu_dynamic_ror_special_lizard_ally_ranged_ability_hawkish_precision_contact_virulent_poison_ammo_type_poison	nanu_stat_missile_damage_ap_add	character_to_character_own	1.0000	start_turn_completed
nanu_dynamic_ror_special_lizard_ally_ranged_ability_hawkish_precision_contact_virulent_poison_ammo_type_poison	nanu_stat_missile_damage_mult	character_to_character_own	5.0000	start_turn_completed
nanu_dynamic_ror_special_lizard_ally_ranged_ability_hawkish_precision_contact_virulent_poison_ammo_type_poison	wh_main_effect_character_stat_range	character_to_character_own	10.0000	start_turn_completed
nanu_dynamic_ror_special_lizard_ally_ranged_ability_hawkish_precision_contact_virulent_poison_ammo_type_poison	wh_main_effect_character_stat_armour	character_to_character_own	5.0000	start_turn_completed
nanu_dynamic_ror_special_lizard_ally_ranged_ability_hawkish_precision_contact_virulent_poison_ammo_type_poison	nanu_stat_missile_damage_vs_chaos	character_to_character_own	10.0000	start_turn_completed
nanu_dynamic_ror_special_lizard_ally_ranged_ability_hawkish_precision_contact_virulent_poison_ammo_type_poison	nanu_dummy_ammo_type_poison	character_to_character_own	1.0000	start_turn_completed
nanu_dynamic_ror_special_lizard_enemy_all_ability_aura_of_shielding	nanu_unit_passive_aura_of_shielding	character_to_character_own	1.0000	start_turn_completed
nanu_dynamic_ror_special_lizard_enemy_all_ability_aura_of_shielding	wh_main_effect_character_stat_missile_resistance	character_to_character_own	10.0000	start_turn_completed
nanu_dynamic_ror_special_lizard_enemy_all_ability_aura_of_shielding	wh_main_effect_character_stat_armour	character_to_character_own	5.0000	start_turn_completed
nanu_dynamic_ror_special_lizard_enemy_all_ability_aura_of_shielding	nanu_stat_melee_damage_ap_add	character_to_character_own	3.0000	start_turn_completed
nanu_dynamic_ror_special_lizard_enemy_all_ability_aura_of_shielding	nanu_stat_missile_damage_ap_add	character_to_character_own	1.0000	start_turn_completed
nanu_dynamic_ror_special_lizard_enemy_all_ability_aura_of_shielding	wh2_main_effect_character_stat_weapon_strength_vs_lizardmen	character_to_character_own	10.0000	start_turn_completed
nanu_dynamic_ror_special_lizard_enemy_all_ability_aura_of_shielding	nanu_stat_missile_damage_vs_lizardmen	character_to_character_own	10.0000	start_turn_completed
nanu_dynamic_ror_special_lizard_enemy_all_ability_aura_of_shielding	nanu_context_lizardmen_enemy	character_to_character_own	1.0000	start_turn_completed
nanu_dynamic_ror_special_lizard_enemy_all_ability_hunter_snare_ammo_type_anti_large	wh2_dlc13_ability_enable_hunter_snare_0	character_to_character_own	1.0000	start_turn_completed
nanu_dynamic_ror_special_lizard_enemy_all_ability_hunter_snare_ammo_type_anti_large	nanu_stat_melee_damage_ap_add	character_to_character_own	3.0000	start_turn_completed
nanu_dynamic_ror_special_lizard_enemy_all_ability_hunter_snare_ammo_type_anti_large	nanu_stat_missile_damage_ap_add	character_to_character_own	1.0000	start_turn_completed
nanu_dynamic_ror_special_lizard_enemy_all_ability_hunter_snare_ammo_type_anti_large	wh_dlc17_effect_bonus_melee_attack_fighting_against_lizardmen	character_to_character_own	3.0000	start_turn_completed
nanu_dynamic_ror_special_lizard_enemy_all_ability_hunter_snare_ammo_type_anti_large	nanu_stat_missile_damage_vs_lizardmen	character_to_character_own	10.0000	start_turn_completed
nanu_dynamic_ror_special_lizard_enemy_all_ability_hunter_snare_ammo_type_anti_large	nanu_dummy_ammo_type_anti_large	character_to_character_own	1.0000	start_turn_completed
nanu_dynamic_ror_special_lizard_enemy_all_ability_hunter_snare_ammo_type_anti_large	nanu_context_lizardmen_enemy	character_to_character_own	1.0000	start_turn_completed
nanu_dynamic_ror_special_lizard_enemy_all_ability_hunter_trap_ammo_type_anti_large	wh2_dlc13_ability_enable_hunter_snare_1	character_to_character_own	1.0000	start_turn_completed
nanu_dynamic_ror_special_lizard_enemy_all_ability_hunter_trap_ammo_type_anti_large	nanu_stat_melee_damage_ap_add	character_to_character_own	3.0000	start_turn_completed
nanu_dynamic_ror_special_lizard_enemy_all_ability_hunter_trap_ammo_type_anti_large	nanu_stat_missile_damage_ap_add	character_to_character_own	1.0000	start_turn_completed
nanu_dynamic_ror_special_lizard_enemy_all_ability_hunter_trap_ammo_type_anti_large	wh_dlc17_effect_bonus_melee_attack_fighting_against_lizardmen	character_to_character_own	3.0000	start_turn_completed
nanu_dynamic_ror_special_lizard_enemy_all_ability_hunter_trap_ammo_type_anti_large	nanu_stat_missile_damage_vs_lizardmen	character_to_character_own	10.0000	start_turn_completed
nanu_dynamic_ror_special_lizard_enemy_all_ability_hunter_trap_ammo_type_anti_large	nanu_dummy_ammo_type_anti_large	character_to_character_own	1.0000	start_turn_completed
nanu_dynamic_ror_special_lizard_enemy_all_ability_hunter_trap_ammo_type_anti_large	nanu_context_lizardmen_enemy	character_to_character_own	1.0000	start_turn_completed
nanu_dynamic_ror_special_lizard_enemy_all_contact_armour_destruction_attacks	nanu_unit_contact_armour_destruction	character_to_character_own	1.0000	start_turn_completed
nanu_dynamic_ror_special_lizard_enemy_all_contact_armour_destruction_attacks	nanu_stat_melee_damage_ap_add	character_to_character_own	2.0000	start_turn_completed
nanu_dynamic_ror_special_lizard_enemy_all_contact_armour_destruction_attacks	nanu_stat_melee_damage_mult	character_to_character_own	8.0000	start_turn_completed
nanu_dynamic_ror_special_lizard_enemy_all_contact_armour_destruction_attacks	nanu_stat_missile_damage_ap_add	character_to_character_own	1.0000	start_turn_completed
nanu_dynamic_ror_special_lizard_enemy_all_contact_armour_destruction_attacks	nanu_stat_missile_damage_mult	character_to_character_own	5.0000	start_turn_completed
nanu_dynamic_ror_special_lizard_enemy_all_contact_armour_destruction_attacks	wh2_main_effect_character_stat_weapon_strength_vs_lizardmen	character_to_character_own	10.0000	start_turn_completed
nanu_dynamic_ror_special_lizard_enemy_all_contact_armour_destruction_attacks	nanu_stat_missile_damage_vs_lizardmen	character_to_character_own	10.0000	start_turn_completed
nanu_dynamic_ror_special_lizard_enemy_all_contact_armour_destruction_attacks	nanu_context_lizardmen_enemy	character_to_character_own	1.0000	start_turn_completed
nanu_dynamic_ror_special_lizard_enemy_all_contact_searing_flaming_attacks_ammo_type_flaming	nanu_unit_contact_searing	character_to_character_own	1.0000	start_turn_completed
nanu_dynamic_ror_special_lizard_enemy_all_contact_searing_flaming_attacks_ammo_type_flaming	wh2_main_effect_character_stat_enable_flaming_attacks	character_to_character_own	1.0000	start_turn_completed
nanu_dynamic_ror_special_lizard_enemy_all_contact_searing_flaming_attacks_ammo_type_flaming	nanu_stat_missile_damage_mult	character_to_character_own	5.0000	start_turn_completed
nanu_dynamic_ror_special_lizard_enemy_all_contact_searing_flaming_attacks_ammo_type_flaming	nanu_stat_melee_damage_mult	character_to_character_own	5.0000	start_turn_completed
nanu_dynamic_ror_special_lizard_enemy_all_contact_searing_flaming_attacks_ammo_type_flaming	nanu_dummy_ammo_type_flaming	character_to_character_own	1.0000	start_turn_completed
nanu_dynamic_ror_special_lizard_enemy_all_contact_searing_flaming_attacks_ammo_type_flaming	wh2_main_effect_character_stat_weapon_strength_vs_lizardmen	character_to_character_own	10.0000	start_turn_completed
nanu_dynamic_ror_special_lizard_enemy_all_contact_searing_flaming_attacks_ammo_type_flaming	nanu_stat_missile_damage_vs_lizardmen	character_to_character_own	10.0000	start_turn_completed
nanu_dynamic_ror_special_lizard_enemy_all_contact_searing_flaming_attacks_ammo_type_flaming	nanu_context_lizardmen_enemy	character_to_character_own	1.0000	start_turn_completed
nanu_dynamic_ror_special_lizard_enemy_all_contact_toxic_sludge_ammo_type_poison	nanu_unit_contact_toxic_sludge	character_to_character_own	1.0000	start_turn_completed
nanu_dynamic_ror_special_lizard_enemy_all_contact_toxic_sludge_ammo_type_poison	nanu_stat_melee_damage_mult	character_to_character_own	5.0000	start_turn_completed
nanu_dynamic_ror_special_lizard_enemy_all_contact_toxic_sludge_ammo_type_poison	nanu_stat_melee_damage_ap_add	character_to_character_own	1.0000	start_turn_completed
nanu_dynamic_ror_special_lizard_enemy_all_contact_toxic_sludge_ammo_type_poison	nanu_stat_missile_damage_mult	character_to_character_own	5.0000	start_turn_completed
nanu_dynamic_ror_special_lizard_enemy_all_contact_toxic_sludge_ammo_type_poison	nanu_stat_missile_damage_ap_add	character_to_character_own	1.0000	start_turn_completed
nanu_dynamic_ror_special_lizard_enemy_all_contact_toxic_sludge_ammo_type_poison	nanu_dummy_ammo_type_poison	character_to_character_own	1.0000	start_turn_completed
nanu_dynamic_ror_special_lizard_enemy_all_contact_toxic_sludge_ammo_type_poison	wh2_main_effect_character_stat_weapon_strength_vs_lizardmen	character_to_character_own	10.0000	start_turn_completed
nanu_dynamic_ror_special_lizard_enemy_all_contact_toxic_sludge_ammo_type_poison	nanu_stat_missile_damage_vs_lizardmen	character_to_character_own	10.0000	start_turn_completed
nanu_dynamic_ror_special_lizard_enemy_all_contact_toxic_sludge_ammo_type_poison	nanu_context_lizardmen_enemy	character_to_character_own	1.0000	start_turn_completed
nanu_dynamic_ror_special_lizard_enemy_melee_ability_berserk_unstoppable_rampage	nanu_unit_passive_unstoppable_rampage	character_to_character_own	1.0000	start_turn_completed
nanu_dynamic_ror_special_lizard_enemy_melee_ability_berserk_unstoppable_rampage	wh_dlc08_effect_ability_enable_berserk	character_to_character_own	1.0000	start_turn_completed
nanu_dynamic_ror_special_lizard_enemy_melee_ability_berserk_unstoppable_rampage	nanu_stat_melee_damage_ap_add	character_to_character_own	3.0000	start_turn_completed
nanu_dynamic_ror_special_lizard_enemy_melee_ability_berserk_unstoppable_rampage	wh_main_effect_character_stat_unit_health	character_to_character_own	4.0000	start_turn_completed
nanu_dynamic_ror_special_lizard_enemy_melee_ability_berserk_unstoppable_rampage	wh_main_effect_character_stat_charge_bonus_add	character_to_character_own	5.0000	start_turn_completed
nanu_dynamic_ror_special_lizard_enemy_melee_ability_berserk_unstoppable_rampage	wh_dlc17_effect_bonus_melee_attack_fighting_against_lizardmen	character_to_character_own	3.0000	start_turn_completed
nanu_dynamic_ror_special_lizard_enemy_melee_ability_berserk_unstoppable_rampage	nanu_attribute_immPsy_vs_lizardmen	character_to_character_own	1.0000	start_turn_completed
nanu_dynamic_ror_special_lizard_enemy_melee_ability_berserk_unstoppable_rampage	nanu_context_lizardmen_enemy	character_to_character_own	1.0000	start_turn_completed
nanu_dynamic_ror_special_lizard_enemy_melee_ability_blood_frenzy	nanu_unit_passive_blood_rage	character_to_character_own	1.0000	start_turn_completed
nanu_dynamic_ror_special_lizard_enemy_melee_ability_blood_frenzy	nanu_unit_ability_blood_frenzy	character_to_character_own	1.0000	start_turn_completed
nanu_dynamic_ror_special_lizard_enemy_melee_ability_blood_frenzy	nanu_stat_melee_damage_ap_add	character_to_character_own	3.0000	start_turn_completed
nanu_dynamic_ror_special_lizard_enemy_melee_ability_blood_frenzy	nanu_stat_melee_damage_mult	character_to_character_own	5.0000	start_turn_completed
nanu_dynamic_ror_special_lizard_enemy_melee_ability_blood_frenzy	wh_main_effect_character_stat_charge_bonus_add	character_to_character_own	5.0000	start_turn_completed
nanu_dynamic_ror_special_lizard_enemy_melee_ability_blood_frenzy	wh_dlc17_effect_bonus_melee_attack_fighting_against_lizardmen	character_to_character_own	3.0000	start_turn_completed
nanu_dynamic_ror_special_lizard_enemy_melee_ability_blood_frenzy	nanu_attribute_immPsy_vs_lizardmen	character_to_character_own	1.0000	start_turn_completed
nanu_dynamic_ror_special_lizard_enemy_melee_ability_blood_frenzy	nanu_context_lizardmen_enemy	character_to_character_own	1.0000	start_turn_completed
nanu_dynamic_ror_special_lizard_enemy_melee_ability_chaos_armour	wh3_main_effect_ability_enable_chaos_armour	character_to_character_own	1.0000	start_turn_completed
nanu_dynamic_ror_special_lizard_enemy_melee_ability_chaos_armour	wh_main_effect_character_stat_armour	character_to_character_own	10.0000	start_turn_completed
nanu_dynamic_ror_special_lizard_enemy_melee_ability_chaos_armour	nanu_stat_melee_damage_ap_add	character_to_character_own	3.0000	start_turn_completed
nanu_dynamic_ror_special_lizard_enemy_melee_ability_chaos_armour	wh_main_effect_character_stat_ward_save	character_to_character_own	5.0000	start_turn_completed
nanu_dynamic_ror_special_lizard_enemy_melee_ability_chaos_armour	nanu_stat_ward_save_vs_lizardmen	character_to_character_own	5.0000	start_turn_completed
nanu_dynamic_ror_special_lizard_enemy_melee_ability_chaos_armour	nanu_stat_melee_defence_vs_lizardmen	character_to_character_own	5.0000	start_turn_completed
nanu_dynamic_ror_special_lizard_enemy_melee_ability_chaos_armour	nanu_context_lizardmen_enemy	character_to_character_own	1.0000	start_turn_completed
nanu_dynamic_ror_special_lizard_enemy_melee_ability_chilling_aura	wh2_dlc10_effect_ability_enable_chilling_aura	character_to_character_own	1.0000	start_turn_completed
nanu_dynamic_ror_special_lizard_enemy_melee_ability_chilling_aura	wh_main_effect_attribute_enable_expert_charge_defence	character_to_character_own	1.0000	start_turn_completed
nanu_dynamic_ror_special_lizard_enemy_melee_ability_chilling_aura	wh_main_effect_character_stat_melee_defence	character_to_character_own	2.0000	start_turn_completed
nanu_dynamic_ror_special_lizard_enemy_melee_ability_chilling_aura	wh_main_effect_character_stat_armour	character_to_character_own	5.0000	start_turn_completed
nanu_dynamic_ror_special_lizard_enemy_melee_ability_chilling_aura	wh_dlc17_effect_bonus_melee_attack_fighting_against_lizardmen	character_to_character_own	3.0000	start_turn_completed
nanu_dynamic_ror_special_lizard_enemy_melee_ability_chilling_aura	nanu_stat_ward_save_vs_lizardmen	character_to_character_own	5.0000	start_turn_completed
nanu_dynamic_ror_special_lizard_enemy_melee_ability_chilling_aura	nanu_context_lizardmen_enemy	character_to_character_own	1.0000	start_turn_completed
nanu_dynamic_ror_special_lizard_enemy_melee_ability_colossal_strike_bonus_vs_large	wh3_dlc24_effect_ability_enable_colossal_strike	character_to_character_own	1.0000	start_turn_completed
nanu_dynamic_ror_special_lizard_enemy_melee_ability_colossal_strike_bonus_vs_large	nanu_stat_melee_damage_ap_add	character_to_character_own	3.0000	start_turn_completed
nanu_dynamic_ror_special_lizard_enemy_melee_ability_colossal_strike_bonus_vs_large	nanu_stat_melee_damage_ap_mult	character_to_character_own	10.0000	start_turn_completed
nanu_dynamic_ror_special_lizard_enemy_melee_ability_colossal_strike_bonus_vs_large	wh_main_effect_character_stat_bonus_vs_large	character_to_character_own	16.0000	start_turn_completed
nanu_dynamic_ror_special_lizard_enemy_melee_ability_colossal_strike_bonus_vs_large	wh_main_effect_character_stat_unit_health	character_to_character_own	4.0000	start_turn_completed
nanu_dynamic_ror_special_lizard_enemy_melee_ability_colossal_strike_bonus_vs_large	nanu_stat_bonus_vs_infantry_hidden	character_to_character_own	-100.0000	start_turn_completed
nanu_dynamic_ror_special_lizard_enemy_melee_ability_colossal_strike_bonus_vs_large	wh_dlc08_effect_force_stat_bonus_vs_large_vs_lizardmen	character_to_character_own	10.0000	start_turn_completed
nanu_dynamic_ror_special_lizard_enemy_melee_ability_colossal_strike_bonus_vs_large	nanu_context_lizardmen_enemy	character_to_character_own	1.0000	start_turn_completed
nanu_dynamic_ror_special_lizard_enemy_melee_ability_frenzy_immPsy	wh_dlc08_effect_ability_enable_frenzy	character_to_character_own	1.0000	start_turn_completed
nanu_dynamic_ror_special_lizard_enemy_melee_ability_frenzy_immPsy	wh_main_effect_character_stat_charge_bonus_add	character_to_character_own	5.0000	start_turn_completed
nanu_dynamic_ror_special_lizard_enemy_melee_ability_frenzy_immPsy	nanu_stat_melee_damage_mult	character_to_character_own	5.0000	start_turn_completed
nanu_dynamic_ror_special_lizard_enemy_melee_ability_frenzy_immPsy	nanu_stat_melee_damage_ap_add	character_to_character_own	3.0000	start_turn_completed
nanu_dynamic_ror_special_lizard_enemy_melee_ability_frenzy_immPsy	wh_dlc17_effect_bonus_melee_attack_fighting_against_lizardmen	character_to_character_own	3.0000	start_turn_completed
nanu_dynamic_ror_special_lizard_enemy_melee_ability_frenzy_immPsy	nanu_attribute_immPsy_vs_lizardmen	character_to_character_own	1.0000	start_turn_completed
nanu_dynamic_ror_special_lizard_enemy_melee_ability_frenzy_immPsy	nanu_context_lizardmen_enemy	character_to_character_own	1.0000	start_turn_completed
nanu_dynamic_ror_special_lizard_enemy_melee_ability_grim_resolve_immPsy	nanu_unit_passive_grim_resolve	character_to_character_own	1.0000	start_turn_completed
nanu_dynamic_ror_special_lizard_enemy_melee_ability_grim_resolve_immPsy	wh_main_effect_attribute_enable_expert_charge_defence	character_to_character_own	1.0000	start_turn_completed
nanu_dynamic_ror_special_lizard_enemy_melee_ability_grim_resolve_immPsy	wh_main_effect_character_stat_leadership	character_to_character_own	2.0000	start_turn_completed
nanu_dynamic_ror_special_lizard_enemy_melee_ability_grim_resolve_immPsy	wh_main_effect_character_stat_melee_defence	character_to_character_own	1.0000	start_turn_completed
nanu_dynamic_ror_special_lizard_enemy_melee_ability_grim_resolve_immPsy	wh_main_effect_character_stat_armour	character_to_character_own	5.0000	start_turn_completed
nanu_dynamic_ror_special_lizard_enemy_melee_ability_grim_resolve_immPsy	nanu_stat_melee_defence_vs_lizardmen	character_to_character_own	5.0000	start_turn_completed
nanu_dynamic_ror_special_lizard_enemy_melee_ability_grim_resolve_immPsy	nanu_stat_ward_save_vs_lizardmen	character_to_character_own	5.0000	start_turn_completed
nanu_dynamic_ror_special_lizard_enemy_melee_ability_grim_resolve_immPsy	nanu_context_lizardmen_enemy	character_to_character_own	1.0000	start_turn_completed
nanu_dynamic_ror_special_lizard_enemy_melee_ability_heroic_killing_blow	wh_main_effect_ability_enable_heroic_killing_blow	character_to_character_own	1.0000	start_turn_completed
nanu_dynamic_ror_special_lizard_enemy_melee_ability_heroic_killing_blow	nanu_stat_melee_damage_mult	character_to_character_own	5.0000	start_turn_completed
nanu_dynamic_ror_special_lizard_enemy_melee_ability_heroic_killing_blow	nanu_stat_melee_damage_ap_add	character_to_character_own	3.0000	start_turn_completed
nanu_dynamic_ror_special_lizard_enemy_melee_ability_heroic_killing_blow	wh_main_effect_character_stat_charge_bonus_add	character_to_character_own	5.0000	start_turn_completed
nanu_dynamic_ror_special_lizard_enemy_melee_ability_heroic_killing_blow	wh_main_effect_character_stat_unit_health	character_to_character_own	2.0000	start_turn_completed
nanu_dynamic_ror_special_lizard_enemy_melee_ability_heroic_killing_blow	wh_dlc17_effect_bonus_melee_attack_fighting_against_lizardmen	character_to_character_own	5.0000	start_turn_completed
nanu_dynamic_ror_special_lizard_enemy_melee_ability_heroic_killing_blow	nanu_attribute_immPsy_vs_lizardmen	character_to_character_own	1.0000	start_turn_completed
nanu_dynamic_ror_special_lizard_enemy_melee_ability_heroic_killing_blow	nanu_context_lizardmen_enemy	character_to_character_own	1.0000	start_turn_completed
nanu_dynamic_ror_special_lizard_enemy_melee_ability_immaculate_charge	nanu_unit_passive_immaculate_charge	character_to_character_own	1.0000	start_turn_completed
nanu_dynamic_ror_special_lizard_enemy_melee_ability_immaculate_charge	nanu_stat_melee_damage_mult	character_to_character_own	5.0000	start_turn_completed
nanu_dynamic_ror_special_lizard_enemy_melee_ability_immaculate_charge	nanu_stat_melee_damage_ap_add	character_to_character_own	3.0000	start_turn_completed
nanu_dynamic_ror_special_lizard_enemy_melee_ability_immaculate_charge	wh_main_effect_character_stat_charge_bonus_add	character_to_character_own	5.0000	start_turn_completed
nanu_dynamic_ror_special_lizard_enemy_melee_ability_immaculate_charge	wh_dlc17_effect_bonus_melee_attack_fighting_against_lizardmen	character_to_character_own	5.0000	start_turn_completed
nanu_dynamic_ror_special_lizard_enemy_melee_ability_immaculate_charge	nanu_attribute_immPsy_vs_lizardmen	character_to_character_own	1.0000	start_turn_completed
nanu_dynamic_ror_special_lizard_enemy_melee_ability_immaculate_charge	nanu_context_lizardmen_enemy	character_to_character_own	1.0000	start_turn_completed
nanu_dynamic_ror_special_lizard_enemy_melee_ability_murderous_charge	wh3_dlc23_effect_ability_enable_murderous_charge	character_to_character_own	1.0000	start_turn_completed
nanu_dynamic_ror_special_lizard_enemy_melee_ability_murderous_charge	nanu_stat_melee_damage_mult	character_to_character_own	5.0000	start_turn_completed
nanu_dynamic_ror_special_lizard_enemy_melee_ability_murderous_charge	nanu_stat_melee_damage_ap_add	character_to_character_own	3.0000	start_turn_completed
nanu_dynamic_ror_special_lizard_enemy_melee_ability_murderous_charge	wh_main_effect_character_stat_charge_bonus_add	character_to_character_own	5.0000	start_turn_completed
nanu_dynamic_ror_special_lizard_enemy_melee_ability_murderous_charge	wh_dlc17_effect_bonus_melee_attack_fighting_against_lizardmen	character_to_character_own	3.0000	start_turn_completed
nanu_dynamic_ror_special_lizard_enemy_melee_ability_murderous_charge	nanu_attribute_immPsy_vs_lizardmen	character_to_character_own	1.0000	start_turn_completed
nanu_dynamic_ror_special_lizard_enemy_melee_ability_murderous_charge	nanu_context_lizardmen_enemy	character_to_character_own	1.0000	start_turn_completed
nanu_dynamic_ror_special_lizard_enemy_melee_ability_relentless_assault	nanu_unit_passive_relentless_assault	character_to_character_own	1.0000	start_turn_completed
nanu_dynamic_ror_special_lizard_enemy_melee_ability_relentless_assault	wh_main_effect_character_stat_melee_attack	character_to_character_own	2.0000	start_turn_completed
nanu_dynamic_ror_special_lizard_enemy_melee_ability_relentless_assault	nanu_stat_melee_damage_mult	character_to_character_own	5.0000	start_turn_completed
nanu_dynamic_ror_special_lizard_enemy_melee_ability_relentless_assault	nanu_stat_melee_damage_ap_add	character_to_character_own	3.0000	start_turn_completed
nanu_dynamic_ror_special_lizard_enemy_melee_ability_relentless_assault	wh_dlc17_effect_bonus_melee_attack_fighting_against_lizardmen	character_to_character_own	5.0000	start_turn_completed
nanu_dynamic_ror_special_lizard_enemy_melee_ability_relentless_assault	nanu_attribute_immPsy_vs_lizardmen	character_to_character_own	1.0000	start_turn_completed
nanu_dynamic_ror_special_lizard_enemy_melee_ability_relentless_assault	nanu_context_lizardmen_enemy	character_to_character_own	1.0000	start_turn_completed
nanu_dynamic_ror_special_lizard_enemy_melee_ability_stand_or_die	wh_main_effect_ability_enable_stand_or_die	character_to_character_own	1.0000	start_turn_completed
nanu_dynamic_ror_special_lizard_enemy_melee_ability_stand_or_die	wh_main_effect_character_stat_leadership	character_to_character_own	2.0000	start_turn_completed
nanu_dynamic_ror_special_lizard_enemy_melee_ability_stand_or_die	wh_main_effect_character_stat_melee_defence	character_to_character_own	2.0000	start_turn_completed
nanu_dynamic_ror_special_lizard_enemy_melee_ability_stand_or_die	wh_main_effect_character_stat_armour	character_to_character_own	5.0000	start_turn_completed
nanu_dynamic_ror_special_lizard_enemy_melee_ability_stand_or_die	nanu_stat_ward_save_vs_lizardmen	character_to_character_own	5.0000	start_turn_completed
nanu_dynamic_ror_special_lizard_enemy_melee_ability_stand_or_die	nanu_attribute_immPsy_vs_lizardmen	character_to_character_own	1.0000	start_turn_completed
nanu_dynamic_ror_special_lizard_enemy_melee_ability_stand_or_die	nanu_context_lizardmen_enemy	character_to_character_own	1.0000	start_turn_completed
nanu_dynamic_ror_special_lizard_enemy_melee_ability_stand_your_ground	wh_main_effect_ability_enable_stand_your_ground	character_to_character_own	1.0000	start_turn_completed
nanu_dynamic_ror_special_lizard_enemy_melee_ability_stand_your_ground	wh_main_effect_character_stat_leadership	character_to_character_own	2.0000	start_turn_completed
nanu_dynamic_ror_special_lizard_enemy_melee_ability_stand_your_ground	wh_main_effect_character_stat_melee_defence	character_to_character_own	2.0000	start_turn_completed
nanu_dynamic_ror_special_lizard_enemy_melee_ability_stand_your_ground	wh_main_effect_character_stat_armour	character_to_character_own	5.0000	start_turn_completed
nanu_dynamic_ror_special_lizard_enemy_melee_ability_stand_your_ground	nanu_stat_ward_save_vs_lizardmen	character_to_character_own	5.0000	start_turn_completed
nanu_dynamic_ror_special_lizard_enemy_melee_ability_stand_your_ground	nanu_attribute_immPsy_vs_lizardmen	character_to_character_own	1.0000	start_turn_completed
nanu_dynamic_ror_special_lizard_enemy_melee_ability_stand_your_ground	nanu_context_lizardmen_enemy	character_to_character_own	1.0000	start_turn_completed
nanu_dynamic_ror_special_lizard_enemy_melee_ability_strength_from_flesh	wh2_dlc17_effect_ability_enable_strength_from_flesh	character_to_character_own	1.0000	start_turn_completed
nanu_dynamic_ror_special_lizard_enemy_melee_ability_strength_from_flesh	wh_main_effect_character_stat_unit_health	character_to_character_own	5.0000	start_turn_completed
nanu_dynamic_ror_special_lizard_enemy_melee_ability_strength_from_flesh	wh3_main_effect_character_stat_unit_mass_percentage_mod	character_to_character_own	25.0000	start_turn_completed
nanu_dynamic_ror_special_lizard_enemy_melee_ability_strength_from_flesh	nanu_stat_melee_damage_mult	character_to_character_own	5.0000	start_turn_completed
nanu_dynamic_ror_special_lizard_enemy_melee_ability_strength_from_flesh	nanu_stat_melee_damage_ap_add	character_to_character_own	3.0000	start_turn_completed
nanu_dynamic_ror_special_lizard_enemy_melee_ability_strength_from_flesh	wh_dlc17_effect_bonus_melee_attack_fighting_against_lizardmen	character_to_character_own	5.0000	start_turn_completed
nanu_dynamic_ror_special_lizard_enemy_melee_ability_strength_from_flesh	nanu_attribute_immPsy_vs_lizardmen	character_to_character_own	1.0000	start_turn_completed
nanu_dynamic_ror_special_lizard_enemy_melee_ability_strength_from_flesh	nanu_context_lizardmen_enemy	character_to_character_own	1.0000	start_turn_completed
nanu_dynamic_ror_special_lizard_enemy_melee_ability_thornmail	nanu_unit_passive_thornmail	character_to_character_own	1.0000	start_turn_completed
nanu_dynamic_ror_special_lizard_enemy_melee_ability_thornmail	wh3_main_effect_attribute_enable_charge_reflection	character_to_character_own	1.0000	start_turn_completed
nanu_dynamic_ror_special_lizard_enemy_melee_ability_thornmail	wh_main_effect_character_stat_armour	character_to_character_own	5.0000	start_turn_completed
nanu_dynamic_ror_special_lizard_enemy_melee_ability_thornmail	wh_main_effect_character_stat_unit_health	character_to_character_own	4.0000	start_turn_completed
nanu_dynamic_ror_special_lizard_enemy_melee_ability_thornmail	wh3_main_effect_character_stat_unit_mass_percentage_mod	character_to_character_own	15.0000	start_turn_completed
nanu_dynamic_ror_special_lizard_enemy_melee_ability_thornmail	nanu_stat_ward_save_vs_lizardmen	character_to_character_own	5.0000	start_turn_completed
nanu_dynamic_ror_special_lizard_enemy_melee_ability_thornmail	nanu_attribute_immPsy_vs_lizardmen	character_to_character_own	1.0000	start_turn_completed
nanu_dynamic_ror_special_lizard_enemy_melee_ability_thornmail	nanu_context_lizardmen_enemy	character_to_character_own	1.0000	start_turn_completed
nanu_dynamic_ror_special_lizard_enemy_melee_ability_undaunted_immPsy	nanu_unit_passive_undaunted	character_to_character_own	1.0000	start_turn_completed
nanu_dynamic_ror_special_lizard_enemy_melee_ability_undaunted_immPsy	wh_main_effect_character_stat_armour	character_to_character_own	5.0000	start_turn_completed
nanu_dynamic_ror_special_lizard_enemy_melee_ability_undaunted_immPsy	wh_main_effect_character_stat_unit_health	character_to_character_own	4.0000	start_turn_completed
nanu_dynamic_ror_special_lizard_enemy_melee_ability_undaunted_immPsy	wh_main_effect_character_stat_melee_defence	character_to_character_own	1.0000	start_turn_completed
nanu_dynamic_ror_special_lizard_enemy_melee_ability_undaunted_immPsy	wh3_main_effect_character_stat_unit_mass_percentage_mod	character_to_character_own	15.0000	start_turn_completed
nanu_dynamic_ror_special_lizard_enemy_melee_ability_undaunted_immPsy	nanu_stat_ward_save_vs_lizardmen	character_to_character_own	5.0000	start_turn_completed
nanu_dynamic_ror_special_lizard_enemy_melee_ability_undaunted_immPsy	nanu_stat_melee_defence_vs_lizardmen	character_to_character_own	5.0000	start_turn_completed
nanu_dynamic_ror_special_lizard_enemy_melee_ability_undaunted_immPsy	nanu_context_lizardmen_enemy	character_to_character_own	1.0000	start_turn_completed
nanu_dynamic_ror_special_lizard_enemy_melee_ability_undeath_resurgent	wh_main_effect_ability_enable_undeath_resurgent	character_to_character_own	1.0000	start_turn_completed
nanu_dynamic_ror_special_lizard_enemy_melee_ability_undeath_resurgent	wh_main_effect_character_stat_leadership	character_to_character_own	2.0000	start_turn_completed
nanu_dynamic_ror_special_lizard_enemy_melee_ability_undeath_resurgent	wh_main_effect_character_stat_melee_defence	character_to_character_own	2.0000	start_turn_completed
nanu_dynamic_ror_special_lizard_enemy_melee_ability_undeath_resurgent	wh_main_effect_character_stat_armour	character_to_character_own	5.0000	start_turn_completed
nanu_dynamic_ror_special_lizard_enemy_melee_ability_undeath_resurgent	nanu_stat_ward_save_vs_lizardmen	character_to_character_own	5.0000	start_turn_completed
nanu_dynamic_ror_special_lizard_enemy_melee_ability_undeath_resurgent	nanu_attribute_immPsy_vs_lizardmen	character_to_character_own	1.0000	start_turn_completed
nanu_dynamic_ror_special_lizard_enemy_melee_ability_undeath_resurgent	nanu_context_lizardmen_enemy	character_to_character_own	1.0000	start_turn_completed
nanu_dynamic_ror_special_lizard_enemy_melee_ability_unstoppable_charge	nanu_unit_passive_unstoppable_charge	character_to_character_own	1.0000	start_turn_completed
nanu_dynamic_ror_special_lizard_enemy_melee_ability_unstoppable_charge	nanu_stat_melee_damage_mult	character_to_character_own	5.0000	start_turn_completed
nanu_dynamic_ror_special_lizard_enemy_melee_ability_unstoppable_charge	nanu_stat_melee_damage_ap_add	character_to_character_own	3.0000	start_turn_completed
nanu_dynamic_ror_special_lizard_enemy_melee_ability_unstoppable_charge	wh_main_effect_character_stat_charge_bonus_add	character_to_character_own	5.0000	start_turn_completed
nanu_dynamic_ror_special_lizard_enemy_melee_ability_unstoppable_charge	wh_dlc17_effect_bonus_melee_attack_fighting_against_lizardmen	character_to_character_own	3.0000	start_turn_completed
nanu_dynamic_ror_special_lizard_enemy_melee_ability_unstoppable_charge	nanu_attribute_immPsy_vs_lizardmen	character_to_character_own	1.0000	start_turn_completed
nanu_dynamic_ror_special_lizard_enemy_melee_ability_unstoppable_charge	nanu_context_lizardmen_enemy	character_to_character_own	1.0000	start_turn_completed
nanu_dynamic_ror_special_lizard_enemy_powder_ability_firing_line_ammo_type_anti_large	nanu_unit_ability_firing_line	character_to_character_own	1.0000	start_turn_completed
nanu_dynamic_ror_special_lizard_enemy_powder_ability_firing_line_ammo_type_anti_large	nanu_stat_missile_damage_ap_add	character_to_character_own	2.0000	start_turn_completed
nanu_dynamic_ror_special_lizard_enemy_powder_ability_firing_line_ammo_type_anti_large	nanu_stat_missile_damage_ap_mult	character_to_character_own	8.0000	start_turn_completed
nanu_dynamic_ror_special_lizard_enemy_powder_ability_firing_line_ammo_type_anti_large	wh_main_effect_character_stat_reload_time_reduction	character_to_character_own	10.0000	start_turn_completed
nanu_dynamic_ror_special_lizard_enemy_powder_ability_firing_line_ammo_type_anti_large	wh_main_effect_character_stat_ammunition	character_to_character_own	10.0000	start_turn_completed
nanu_dynamic_ror_special_lizard_enemy_powder_ability_firing_line_ammo_type_anti_large	nanu_dummy_ammo_type_anti_large	character_to_character_own	1.0000	start_turn_completed
nanu_dynamic_ror_special_lizard_enemy_powder_ability_firing_line_ammo_type_anti_large	nanu_stat_missile_damage_vs_lizardmen	character_to_character_own	10.0000	start_turn_completed
nanu_dynamic_ror_special_lizard_enemy_powder_ability_firing_line_ammo_type_anti_large	nanu_context_lizardmen_enemy	character_to_character_own	1.0000	start_turn_completed
nanu_dynamic_ror_special_lizard_enemy_powder_ability_firing_line_aoe_ammo_type_anti_large	nanu_unit_ability_firing_line_aoe	character_to_character_own	1.0000	start_turn_completed
nanu_dynamic_ror_special_lizard_enemy_powder_ability_firing_line_aoe_ammo_type_anti_large	nanu_stat_missile_damage_ap_add	character_to_character_own	2.0000	start_turn_completed
nanu_dynamic_ror_special_lizard_enemy_powder_ability_firing_line_aoe_ammo_type_anti_large	nanu_stat_missile_damage_ap_mult	character_to_character_own	8.0000	start_turn_completed
nanu_dynamic_ror_special_lizard_enemy_powder_ability_firing_line_aoe_ammo_type_anti_large	wh_main_effect_character_stat_reload_time_reduction	character_to_character_own	10.0000	start_turn_completed
nanu_dynamic_ror_special_lizard_enemy_powder_ability_firing_line_aoe_ammo_type_anti_large	wh_main_effect_character_stat_ammunition	character_to_character_own	10.0000	start_turn_completed
nanu_dynamic_ror_special_lizard_enemy_powder_ability_firing_line_aoe_ammo_type_anti_large	nanu_dummy_ammo_type_anti_large	character_to_character_own	1.0000	start_turn_completed
nanu_dynamic_ror_special_lizard_enemy_powder_ability_firing_line_aoe_ammo_type_anti_large	nanu_stat_missile_damage_vs_lizardmen	character_to_character_own	10.0000	start_turn_completed
nanu_dynamic_ror_special_lizard_enemy_powder_ability_firing_line_aoe_ammo_type_anti_large	nanu_context_lizardmen_enemy	character_to_character_own	1.0000	start_turn_completed
nanu_dynamic_ror_special_lizard_enemy_ranged_ability_expert_skirmisher_ammo_type_anti_large	nanu_unit_passive_expert_skirmisher	character_to_character_own	1.0000	start_turn_completed
nanu_dynamic_ror_special_lizard_enemy_ranged_ability_expert_skirmisher_ammo_type_anti_large	wh_main_effect_character_stat_reload_time_reduction	character_to_character_own	8.0000	start_turn_completed
nanu_dynamic_ror_special_lizard_enemy_ranged_ability_expert_skirmisher_ammo_type_anti_large	wh_main_effect_character_stat_speed	character_to_character_own	12.0000	start_turn_completed
nanu_dynamic_ror_special_lizard_enemy_ranged_ability_expert_skirmisher_ammo_type_anti_large	nanu_stat_missile_damage_mult	character_to_character_own	8.0000	start_turn_completed
nanu_dynamic_ror_special_lizard_enemy_ranged_ability_expert_skirmisher_ammo_type_anti_large	nanu_dummy_ammo_type_anti_large	character_to_character_own	1.0000	start_turn_completed
nanu_dynamic_ror_special_lizard_enemy_ranged_ability_expert_skirmisher_ammo_type_anti_large	nanu_stat_missile_damage_vs_lizardmen	character_to_character_own	10.0000	start_turn_completed
nanu_dynamic_ror_special_lizard_enemy_ranged_ability_expert_skirmisher_ammo_type_anti_large	nanu_context_lizardmen_enemy	character_to_character_own	1.0000	start_turn_completed
nanu_dynamic_ror_special_lizard_enemy_ranged_ability_hawkish_precision_ammo_type_anti_large	nanu_unit_passive_hawkish_precision	character_to_character_own	1.0000	start_turn_completed
nanu_dynamic_ror_special_lizard_enemy_ranged_ability_hawkish_precision_ammo_type_anti_large	wh_main_effect_character_stat_range	character_to_character_own	10.0000	start_turn_completed
nanu_dynamic_ror_special_lizard_enemy_ranged_ability_hawkish_precision_ammo_type_anti_large	nanu_stat_missile_damage_ap_add	character_to_character_own	2.0000	start_turn_completed
nanu_dynamic_ror_special_lizard_enemy_ranged_ability_hawkish_precision_ammo_type_anti_large	nanu_stat_missile_damage_mult	character_to_character_own	5.0000	start_turn_completed
nanu_dynamic_ror_special_lizard_enemy_ranged_ability_hawkish_precision_ammo_type_anti_large	nanu_dummy_ammo_type_anti_large	character_to_character_own	1.0000	start_turn_completed
nanu_dynamic_ror_special_lizard_enemy_ranged_ability_hawkish_precision_ammo_type_anti_large	nanu_stat_missile_damage_vs_lizardmen	character_to_character_own	10.0000	start_turn_completed
nanu_dynamic_ror_special_lizard_enemy_ranged_ability_hawkish_precision_ammo_type_anti_large	nanu_context_lizardmen_enemy	character_to_character_own	1.0000	start_turn_completed
nanu_dynamic_ror_special_lizard_enemy_ranged_ability_volley_barbed_contact_bleeding	nanu_unit_ability_volley_barbed	character_to_character_own	1.0000	start_turn_completed
nanu_dynamic_ror_special_lizard_enemy_ranged_ability_volley_barbed_contact_bleeding	nanu_unit_contact_bleed	character_to_character_own	1.0000	start_turn_completed
nanu_dynamic_ror_special_lizard_enemy_ranged_ability_volley_barbed_contact_bleeding	nanu_stat_missile_damage_mult	character_to_character_own	5.0000	start_turn_completed
nanu_dynamic_ror_special_lizard_enemy_ranged_ability_volley_barbed_contact_bleeding	nanu_stat_missile_damage_ap_add	character_to_character_own	1.0000	start_turn_completed
nanu_dynamic_ror_special_lizard_enemy_ranged_ability_volley_barbed_contact_bleeding	wh_main_effect_character_stat_reload_time_reduction	character_to_character_own	10.0000	start_turn_completed
nanu_dynamic_ror_special_lizard_enemy_ranged_ability_volley_barbed_contact_bleeding	wh_main_effect_character_stat_ammunition	character_to_character_own	10.0000	start_turn_completed
nanu_dynamic_ror_special_lizard_enemy_ranged_ability_volley_barbed_contact_bleeding	nanu_stat_missile_damage_vs_lizardmen	character_to_character_own	10.0000	start_turn_completed
nanu_dynamic_ror_special_lizard_enemy_ranged_ability_volley_barbed_contact_bleeding	nanu_context_lizardmen_enemy	character_to_character_own	1.0000	start_turn_completed
nanu_dynamic_ror_special_lizard_enemy_ranged_ability_volley_barbed_greater_contact_bleeding	nanu_unit_ability_volley_barbed_greater	character_to_character_own	1.0000	start_turn_completed
nanu_dynamic_ror_special_lizard_enemy_ranged_ability_volley_barbed_greater_contact_bleeding	nanu_unit_contact_bleed	character_to_character_own	1.0000	start_turn_completed
nanu_dynamic_ror_special_lizard_enemy_ranged_ability_volley_barbed_greater_contact_bleeding	nanu_stat_missile_damage_mult	character_to_character_own	5.0000	start_turn_completed
nanu_dynamic_ror_special_lizard_enemy_ranged_ability_volley_barbed_greater_contact_bleeding	nanu_stat_missile_damage_ap_add	character_to_character_own	1.0000	start_turn_completed
nanu_dynamic_ror_special_lizard_enemy_ranged_ability_volley_barbed_greater_contact_bleeding	wh_main_effect_character_stat_reload_time_reduction	character_to_character_own	10.0000	start_turn_completed
nanu_dynamic_ror_special_lizard_enemy_ranged_ability_volley_barbed_greater_contact_bleeding	wh_main_effect_character_stat_ammunition	character_to_character_own	10.0000	start_turn_completed
nanu_dynamic_ror_special_lizard_enemy_ranged_ability_volley_barbed_greater_contact_bleeding	nanu_stat_missile_damage_vs_lizardmen	character_to_character_own	10.0000	start_turn_completed
nanu_dynamic_ror_special_lizard_enemy_ranged_ability_volley_barbed_greater_contact_bleeding	nanu_context_lizardmen_enemy	character_to_character_own	1.0000	start_turn_completed
nanu_dynamic_ror_special_lizard_enemy_ranged_ability_volley_ice_shard_contact_frostbite_ammo_type_frozen	nanu_unit_ability_volley_ice_shard	character_to_character_own	1.0000	start_turn_completed
nanu_dynamic_ror_special_lizard_enemy_ranged_ability_volley_ice_shard_contact_frostbite_ammo_type_frozen	wh_dlc08_effect_character_stat_enable_frostbite_attacks	character_to_character_own	1.0000	start_turn_completed
nanu_dynamic_ror_special_lizard_enemy_ranged_ability_volley_ice_shard_contact_frostbite_ammo_type_frozen	nanu_stat_missile_damage_mult	character_to_character_own	5.0000	start_turn_completed
nanu_dynamic_ror_special_lizard_enemy_ranged_ability_volley_ice_shard_contact_frostbite_ammo_type_frozen	nanu_stat_missile_damage_ap_add	character_to_character_own	1.0000	start_turn_completed
nanu_dynamic_ror_special_lizard_enemy_ranged_ability_volley_ice_shard_contact_frostbite_ammo_type_frozen	wh_main_effect_character_stat_reload_time_reduction	character_to_character_own	10.0000	start_turn_completed
nanu_dynamic_ror_special_lizard_enemy_ranged_ability_volley_ice_shard_contact_frostbite_ammo_type_frozen	wh_main_effect_character_stat_ammunition	character_to_character_own	10.0000	start_turn_completed
nanu_dynamic_ror_special_lizard_enemy_ranged_ability_volley_ice_shard_contact_frostbite_ammo_type_frozen	nanu_stat_missile_damage_vs_lizardmen	character_to_character_own	10.0000	start_turn_completed
nanu_dynamic_ror_special_lizard_enemy_ranged_ability_volley_ice_shard_contact_frostbite_ammo_type_frozen	nanu_context_lizardmen_enemy	character_to_character_own	1.0000	start_turn_completed
nanu_dynamic_ror_special_lizard_enemy_ranged_ability_volley_ice_shard_greater_contact_frostbite_ammo_type_frozen	nanu_unit_ability_volley_ice_shard_greater	character_to_character_own	1.0000	start_turn_completed
nanu_dynamic_ror_special_lizard_enemy_ranged_ability_volley_ice_shard_greater_contact_frostbite_ammo_type_frozen	wh_dlc08_effect_character_stat_enable_frostbite_attacks	character_to_character_own	1.0000	start_turn_completed
nanu_dynamic_ror_special_lizard_enemy_ranged_ability_volley_ice_shard_greater_contact_frostbite_ammo_type_frozen	nanu_stat_missile_damage_mult	character_to_character_own	5.0000	start_turn_completed
nanu_dynamic_ror_special_lizard_enemy_ranged_ability_volley_ice_shard_greater_contact_frostbite_ammo_type_frozen	nanu_stat_missile_damage_ap_add	character_to_character_own	1.0000	start_turn_completed
nanu_dynamic_ror_special_lizard_enemy_ranged_ability_volley_ice_shard_greater_contact_frostbite_ammo_type_frozen	wh_main_effect_character_stat_reload_time_reduction	character_to_character_own	10.0000	start_turn_completed
nanu_dynamic_ror_special_lizard_enemy_ranged_ability_volley_ice_shard_greater_contact_frostbite_ammo_type_frozen	wh_main_effect_character_stat_ammunition	character_to_character_own	10.0000	start_turn_completed
nanu_dynamic_ror_special_lizard_enemy_ranged_ability_volley_ice_shard_greater_contact_frostbite_ammo_type_frozen	nanu_stat_missile_damage_vs_lizardmen	character_to_character_own	10.0000	start_turn_completed
nanu_dynamic_ror_special_lizard_enemy_ranged_ability_volley_ice_shard_greater_contact_frostbite_ammo_type_frozen	nanu_context_lizardmen_enemy	character_to_character_own	1.0000	start_turn_completed
nanu_dynamic_ror_special_lizard_enemy_ranged_ability_volley_piercing_ammo_type_anti_large	nanu_unit_ability_volley_piercing	character_to_character_own	1.0000	start_turn_completed
nanu_dynamic_ror_special_lizard_enemy_ranged_ability_volley_piercing_ammo_type_anti_large	nanu_dummy_ammo_type_anti_large	character_to_character_own	1.0000	start_turn_completed
nanu_dynamic_ror_special_lizard_enemy_ranged_ability_volley_piercing_ammo_type_anti_large	nanu_stat_missile_damage_mult	character_to_character_own	5.0000	start_turn_completed
nanu_dynamic_ror_special_lizard_enemy_ranged_ability_volley_piercing_ammo_type_anti_large	nanu_stat_missile_damage_ap_add	character_to_character_own	1.0000	start_turn_completed
nanu_dynamic_ror_special_lizard_enemy_ranged_ability_volley_piercing_ammo_type_anti_large	wh_main_effect_character_stat_reload_time_reduction	character_to_character_own	10.0000	start_turn_completed
nanu_dynamic_ror_special_lizard_enemy_ranged_ability_volley_piercing_ammo_type_anti_large	wh_main_effect_character_stat_range	character_to_character_own	10.0000	start_turn_completed
nanu_dynamic_ror_special_lizard_enemy_ranged_ability_volley_piercing_ammo_type_anti_large	nanu_stat_missile_damage_vs_lizardmen	character_to_character_own	10.0000	start_turn_completed
nanu_dynamic_ror_special_lizard_enemy_ranged_ability_volley_piercing_ammo_type_anti_large	nanu_context_lizardmen_enemy	character_to_character_own	1.0000	start_turn_completed
nanu_dynamic_ror_special_lizard_enemy_ranged_ability_volley_piercing_greater_ammo_type_anti_large	nanu_unit_ability_volley_piercing_greater	character_to_character_own	1.0000	start_turn_completed
nanu_dynamic_ror_special_lizard_enemy_ranged_ability_volley_piercing_greater_ammo_type_anti_large	nanu_dummy_ammo_type_anti_large	character_to_character_own	1.0000	start_turn_completed
nanu_dynamic_ror_special_lizard_enemy_ranged_ability_volley_piercing_greater_ammo_type_anti_large	nanu_stat_missile_damage_mult	character_to_character_own	5.0000	start_turn_completed
nanu_dynamic_ror_special_lizard_enemy_ranged_ability_volley_piercing_greater_ammo_type_anti_large	nanu_stat_missile_damage_ap_add	character_to_character_own	1.0000	start_turn_completed
nanu_dynamic_ror_special_lizard_enemy_ranged_ability_volley_piercing_greater_ammo_type_anti_large	wh_main_effect_character_stat_reload_time_reduction	character_to_character_own	10.0000	start_turn_completed
nanu_dynamic_ror_special_lizard_enemy_ranged_ability_volley_piercing_greater_ammo_type_anti_large	wh_main_effect_character_stat_range	character_to_character_own	10.0000	start_turn_completed
nanu_dynamic_ror_special_lizard_enemy_ranged_ability_volley_piercing_greater_ammo_type_anti_large	nanu_stat_missile_damage_vs_lizardmen	character_to_character_own	10.0000	start_turn_completed
nanu_dynamic_ror_special_lizard_enemy_ranged_ability_volley_piercing_greater_ammo_type_anti_large	nanu_context_lizardmen_enemy	character_to_character_own	1.0000	start_turn_completed
