key	active_time	recharge_time	num_uses	effect_range	affect_self	num_effected_friendly_units	num_effected_enemy_units	update_targets_every_frame	initial_recharge	activated_projectile	target_friends	target_enemies	target_ground	target_intercept_range	always_affect_self	only_affect_target	wind_up_time	passive	unique_id	bombardment	spawned_unit	wind_up_stance	mana_cost	min_range	targetting_aoe	passive_aoe	active_aoe	activation_effect	vortex	miscast_chance	miscast_explosion	ai_usage	audio	special_ability_display	voiceover_state	additional_melee_cp	additional_missile_cp	parent_ability	spawn_type	spawn_proxy_vfx	target_ground_under_allies	target_ground_under_enemies	miscast_global_bonus	target_self	composite_scene_group_on_wind_up	composite_scene_group_on_active	wind_down_stance	use_loop_stance	update_phase_by_ability_duration	spawn_is_transformation	spawn_is_decoy	only_affect_owned_units	formation	behaviour	current_mana_moves_to_reserve	spawn_shares_health_and_fatigue	affect_siege_equipment	shared_recharge_time	intensity_based_activation	autoresolver_usage	autoresolver_targets	display_stops_when_display_expires	autoresolve_cp_multiplier	ability_available_ui_event	can_be_copied_to_transformation_unit	audio_switch_casting_override	audio_switch_ui_override	ai_usage_template_group	audio_vo_actor_override	mom_vortex_key
#unit_special_abilities_tables;74;db/unit_special_abilities_tables/nanu_dynamic_rors																																																																						
nanu_unit_ability_arcane_blast	1.0000	60.0000	3	0.0000	false	0	-1	false	15.0000		false	false	true	100.0000	false	false	1.5000	false	80262300				0.0000	0.0000	wh_abilities_generic_vortex	wh_abilities_generic_vortex			nanu_unit_ability_arcane_blast	0.0000		aoe_bombardment	wh_group_unit		vo_battle_special_ability_generic_response	0.0000	200.0000				false	false	true	false				false	false	false	false	false			false	false	true	-1.0000	false	damage_aoe	2	false	1.0000		true					
nanu_unit_ability_ash_storm	48.0000	120.0000	2	35.0000	true	0	-1	true	0.0000		false	false	true	200.0000	false	false	0.0000	false	80262301				0.0000	0.0000	wh_abilities_generic_debuff					0.0000		hex_melee_area	wh3_dlc23_spell_hashut_modular_ash_storm	hashut_medium	vo_battle_special_ability_spell_cast_negative	100.0000	50.0000				false	false	true	false		wh3_dlc23_ash_storm		false	false	false	false	false			false	false	true	-1.0000	false	debuff_unit	3	false	1.0000		true					
nanu_unit_ability_biting_wind	9.0000	90.0000	3	0.0000	false	0	0	false	0.0000		false	true	true	150.0000	false	false	3.0000	false	80262302				0.0000	0.0000	wh_abilities_generic_wind	wh_abilities_generic_wind	wh3_main_tempest_biting_wind		wh3_main_spell_tempest_biting_wind	0.0000		vortex_wind	wh3_main_ability_modular	tempest_medium	vo_battle_special_ability_spell_cast_negative	0.0000	150.0000				false	false	true	false				false	false	false	false	false			false	false	true	-1.0000	false	damage_aoe	3	false	1.0000		true		Tempest			
nanu_unit_ability_blade_of_khorne	8.0000	120.0000	3	0.0000	false	0	0	false	0.0000		false	true	true	50.0000	false	false	5.0000	false	80262303				0.0000	0.0000	wh_spell_generic_bombardment	wh_spell_generic_bombardment			nanu_unit_ablity_blade_of_khorne_lesser	0.0000		aoe_ap	wh3_main_ability_modular		vo_battle_special_ability_response	0.0000	200.0000				false	false	true	false				false	false	false	false	false			false	false	true	-1.0000	false	damage_aoe	3	false	1.0000		true		Khorne			
nanu_unit_ability_blightboil_self	1.0000	120.0000	3	0.0000	true	0	0	false	0.0000		false	false	false	0.0000	false	false	5.0000	false	80262304				0.0000	0.0000	wh_army_abilities_generic_explosion				nanu_unit_ability_blightboil_self	0.0000		aoe_centred_on_self	wh3_main_ability_modular	nurgle_long	vo_battle_special_ability_spell_cast_foot_of_gork	0.0000	200.0000				false	false	true	false				false	false	false	false	false			false	false	true	-1.0000	false	damage_aoe	3	false	1.0000		true	Nurgle	Nurgle			
nanu_unit_ability_blizzard	18.0000	90.0000	3	0.0000	false	0	0	false	0.0000		false	true	true	200.0000	false	false	5.0000	false	80262305				0.0000	0.0000	wh_abilities_generic_vortex	wh_abilities_generic_vortex			wh3_main_spell_tempest_blizzard	0.0000		aoe_ap	wh3_main_ability_modular	tempest_long	vo_battle_special_ability_spell_cast_foot_of_gork	0.0000	200.0000				false	false	true	false				false	false	false	false	false			false	false	true	-1.0000	false	damage_aoe	3	false	1.0000		true		Tempest			
nanu_unit_ability_blood_frenzy	30.0000	90.0000	-1	50.0000	true	-1	-1	false	0.0000		false	false	false	0.0000	false	false	0.0000	false	80262306				0.0000	0.0000	wh_abilities_generic_buff					0.0000		augment_melee_morale_area	wh_group_unit		vo_battle_special_ability_response	150.0000	0.0000				false	false	true	false				false	false	false	false	false			false	false	true	-1.0000	false	buff_unit	3	false	1.0000		false					
nanu_unit_ability_bonecrusher	6.0000	43.0000	-1	0.0000	false	0	0	false	0.0000		false	true	true	50.0000	false	false	3.0000	false	80262307				0.0000	0.0000	wh_abilities_generic_explosion	wh_abilities_generic_explosion			wh3_main_spell_great_maw_bonecrusher	0.0000		aoe_bombardment	wh3_main_ability_modular	great_maw_medium	vo_battle_special_ability_spell_cast_brain_bursta	0.0000	150.0000				false	false	true	false				false	false	false	false	false			false	false	true	-1.0000	false	damage_unit	1	false	1.0000		true		Great_Maw			
nanu_unit_ability_bullgorger	17.0000	43.0000	-1	0.0000	true	0	0	false	0.0000		false	false	false	0.0000	false	false	0.0000	false	80262308				0.0000	0.0000	wh_abilities_generic_buff_no_ring	wh_abilities_generic_buff_no_ring				0.0000		augment_melee_self	wh3_main_ability_modular	great_maw_short	vo_battle_special_ability_spell_cast_positive	100.0000	0.0000				false	false	true	false				false	false	false	false	false			false	false	true	-1.0000	false	buff_self	1	false	1.0000		true		Great_Maw			
nanu_unit_ability_burning_head	20.0000	37.0000	1	0.0000	false	0	0	false	0.0000		false	true	true	150.0000	false	false	3.0000	false	80262309			cast_up_medium	0.0000	0.0000	wh_abilities_generic_wind	wh_abilities_generic_wind			wh_main_spell_fire_the_burning_head	0.0000		vortex_wind	wh_main_spell_fire_the_burning_head	fire_medium	vo_battle_special_ability_spell_cast_negative	0.0000	150.0000				false	false	true	false				false	false	false	false	false			false	false	true	-1.0000	false	damage_aoe	3	false	1.0000		true					
nanu_unit_ability_construct_killer	24.0000	90.0000	-1	0.0000	false	0	1	false	0.0000		false	true	false	200.0000	false	false	0.0000	false	80262310				0.0000	0.0000	wh_abilities_generic_buff_no_ring					0.0000		hex_speed	wh_group_unit		vo_battle_special_ability_response	150.0000	150.0000				false	false	true	false				false	false	false	false	false			false	false	true	-1.0000	false	default	1	false	1.0000		true					
nanu_unit_ability_daemon_slayer	35.0000	90.0000	-1	0.0000	true	0	0	false	0.0000		false	false	false	0.0000	false	false	0.0000	false	80262311				0.0000	0.0000	wh_abilities_generic_buff_no_ring					0.0000		augment_melee_self	wh_group_unit		vo_battle_special_ability_response	150.0000	0.0000				false	false	true	false				false	false	false	false	false			false	false	true	-1.0000	false	buff_self	1	false	1.0000		true					
nanu_unit_ability_death_explosion_arcane_medium	-1.0000	0.0000	-1	0.0000	true	0	0	false	-1.0000		false	false	false	0.0000	false	false	0.0000	true	80262312				0.0000	0.0000	wh_abilities_generic_explosion				nanu_unit_ability_death_explosion_arcane_medium	0.0000					vo_battle_special_ability_generic_response	100.0000	50.0000				false	false	true	false				false	false	false	false	false		vortex_on_entity_death	false	false	true	-1.0000	false	damage_aoe	2	false	1.0000		true					
nanu_unit_ability_death_explosion_arcane_small	-1.0000	0.0000	-1	0.0000	true	0	0	false	-1.0000		false	false	false	0.0000	false	false	0.0000	true	80262313				0.0000	0.0000	wh_abilities_generic_explosion				nanu_unit_ability_death_explosion_arcane_small	0.0000					vo_battle_special_ability_generic_response	100.0000	50.0000				false	false	true	false				false	false	false	false	false		vortex_on_entity_death	false	false	true	-1.0000	false	damage_aoe	2	false	1.0000		true					
nanu_unit_ability_death_explosion_daemonic_wrath_large	-1.0000	0.0000	-1	0.0000	true	0	0	false	-1.0000		false	false	false	0.0000	false	false	0.0000	true	80262314				0.0000	0.0000	wh_abilities_generic_explosion				nanu_unit_ability_death_explosion_daemonic_wrath_large	0.0000					vo_battle_special_ability_generic_response	100.0000	50.0000				false	false	true	false				false	false	false	false	false		vortex_on_entity_death	false	false	true	-1.0000	false	damage_aoe	2	false	1.0000		true					
nanu_unit_ability_death_explosion_daemonic_wrath_small	-1.0000	0.0000	-1	0.0000	true	0	0	false	-1.0000		false	false	false	0.0000	false	false	0.0000	true	80262315				0.0000	0.0000	wh_abilities_generic_explosion				nanu_unit_ability_death_explosion_daemonic_wrath_small	0.0000					vo_battle_special_ability_generic_response	100.0000	50.0000				false	false	true	false				false	false	false	false	false		vortex_on_entity_death	false	false	true	-1.0000	false	damage_aoe	2	false	1.0000		true					
nanu_unit_ability_death_explosion_flaming_large	-1.0000	0.0000	-1	0.0000	true	0	0	false	-1.0000		false	false	false	0.0000	false	false	0.0000	true	80262316				0.0000	0.0000	wh_abilities_generic_explosion				nanu_unit_ability_death_explosion_flaming_large	0.0000					vo_battle_special_ability_generic_response	100.0000	50.0000				false	false	true	false				false	false	false	false	false		vortex_on_entity_death	false	false	true	-1.0000	false	damage_aoe	2	false	1.0000		true					
nanu_unit_ability_death_explosion_flaming_medium	-1.0000	0.0000	-1	0.0000	true	0	0	false	-1.0000		false	false	false	0.0000	false	false	0.0000	true	80262317				0.0000	0.0000	wh_abilities_generic_explosion				nanu_unit_ability_death_explosion_flaming_medium	0.0000					vo_battle_special_ability_generic_response	100.0000	50.0000				false	false	true	false				false	false	false	false	false		vortex_on_entity_death	false	false	true	-1.0000	false	damage_aoe	2	false	1.0000		true					
nanu_unit_ability_death_explosion_flaming_small	-1.0000	0.0000	-1	0.0000	true	0	0	false	-1.0000		false	false	false	0.0000	false	false	0.0000	true	80262318				0.0000	0.0000	wh_abilities_generic_explosion				nanu_unit_ability_death_explosion_flaming_small	0.0000					vo_battle_special_ability_generic_response	100.0000	50.0000				false	false	true	false				false	false	false	false	false		vortex_on_entity_death	false	false	true	-1.0000	false	damage_aoe	2	false	1.0000		true					
nanu_unit_ability_death_explosion_frozen_tempest	-1.0000	0.0000	-1	0.0000	true	0	0	false	-1.0000		false	false	false	0.0000	false	false	0.0000	true	80262319				0.0000	0.0000	wh_abilities_generic_explosion				nanu_unit_ability_death_explosion_tempest	0.0000					vo_battle_special_ability_generic_response	100.0000	50.0000				false	false	true	false				false	false	false	false	false		vortex_on_entity_death	false	false	true	-1.0000	false	damage_aoe	2	false	1.0000		true					
nanu_unit_ability_death_explosion_gaseous_large	-1.0000	0.0000	-1	0.0000	true	0	0	false	-1.0000		false	false	false	0.0000	false	false	0.0000	true	80262320				0.0000	0.0000	wh_abilities_generic_explosion				nanu_unit_ability_death_explosion_gaseous_large	0.0000					vo_battle_special_ability_generic_response	100.0000	50.0000				false	false	true	false				false	false	false	false	false		vortex_on_entity_death	false	false	true	-1.0000	false	damage_aoe	2	false	1.0000		true					
nanu_unit_ability_death_explosion_gaseous_medium	-1.0000	0.0000	-1	0.0000	true	0	0	false	-1.0000		false	false	false	0.0000	false	false	0.0000	true	80262321				0.0000	0.0000	wh_abilities_generic_explosion				nanu_unit_ability_death_explosion_gaseous_medium	0.0000					vo_battle_special_ability_generic_response	100.0000	50.0000				false	false	true	false				false	false	false	false	false		vortex_on_entity_death	false	false	true	-1.0000	false	damage_aoe	2	false	1.0000		true					
nanu_unit_ability_death_explosion_gaseous_small	-1.0000	0.0000	-1	0.0000	true	0	0	false	-1.0000		false	false	false	0.0000	false	false	0.0000	true	80262322				0.0000	0.0000	wh_abilities_generic_explosion				nanu_unit_ability_death_explosion_gaseous_medium	0.0000					vo_battle_special_ability_generic_response	100.0000	50.0000				false	false	true	false				false	false	false	false	false		vortex_on_entity_death	false	false	true	-1.0000	false	damage_aoe	2	false	1.0000		true					
nanu_unit_ability_death_explosion_holy_fire	-1.0000	0.0000	-1	0.0000	true	0	0	false	-1.0000		false	false	false	0.0000	false	false	0.0000	true	80262323				0.0000	0.0000	wh_abilities_generic_explosion				nanu_unit_ability_death_explosion_holy_fire	0.0000					vo_battle_special_ability_generic_response	100.0000	50.0000				false	false	true	false				false	false	false	false	false		vortex_on_entity_death	false	false	true	-1.0000	false	damage_aoe	2	false	1.0000		true					
nanu_unit_ability_death_explosion_ice_blast	-1.0000	0.0000	-1	0.0000	true	0	0	false	-1.0000		false	false	false	0.0000	false	false	0.0000	true	80262324				0.0000	0.0000	wh_abilities_generic_explosion				nanu_unit_ability_death_explosion_ice_blast	0.0000					vo_battle_special_ability_generic_response	100.0000	50.0000				false	false	true	false				false	false	false	false	false		vortex_on_entity_death	false	false	true	-1.0000	false	damage_aoe	2	false	1.0000		true					
nanu_unit_ability_death_explosion_purple_sun	-1.0000	0.0000	-1	0.0000	true	0	0	false	-1.0000		false	false	false	0.0000	false	false	0.0000	true	80262325				0.0000	0.0000	wh_abilities_generic_explosion				nanu_unit_ability_death_explosion_purple_sun	0.0000					vo_battle_special_ability_generic_response	100.0000	50.0000				false	false	true	false				false	false	false	false	false		vortex_on_entity_death	false	false	true	-1.0000	false	damage_aoe	2	false	1.0000		true					
nanu_unit_ability_death_explosion_rancid_blood	-1.0000	0.0000	-1	0.0000	true	0	0	false	-1.0000		false	false	false	0.0000	false	false	0.0000	true	80262326				0.0000	0.0000	wh_abilities_generic_explosion				nanu_unit_ability_death_explosion_rancid_blood	0.0000					vo_battle_special_ability_generic_response	100.0000	50.0000				false	false	true	false				false	false	false	false	false		vortex_on_entity_death	false	false	true	-1.0000	false	damage_aoe	2	false	1.0000		true					
nanu_unit_ability_death_explosion_tempest	-1.0000	0.0000	-1	0.0000	true	0	0	false	-1.0000		false	false	false	0.0000	false	false	0.0000	true	80262327				0.0000	0.0000	wh_abilities_generic_explosion				nanu_unit_ability_death_explosion_tempest	0.0000					vo_battle_special_ability_generic_response	100.0000	50.0000				false	false	true	false				false	false	false	false	false		vortex_on_entity_death	false	false	true	-1.0000	false	damage_aoe	2	false	1.0000		true					
nanu_unit_ability_death_explosion_warp_discharge_large	-1.0000	0.0000	-1	0.0000	true	0	0	false	-1.0000		false	false	false	0.0000	false	false	0.0000	true	80262328				0.0000	0.0000	wh_abilities_generic_explosion				nanu_unit_ability_death_explosion_warp_discharge_large	0.0000					vo_battle_special_ability_generic_response	100.0000	50.0000				false	false	true	false				false	false	false	false	false		vortex_on_entity_death	false	false	true	-1.0000	false	damage_aoe	2	false	1.0000		true					
nanu_unit_ability_death_explosion_warp_discharge_medium	-1.0000	0.0000	-1	0.0000	true	0	0	false	-1.0000		false	false	false	0.0000	false	false	0.0000	true	80262329				0.0000	0.0000	wh_abilities_generic_explosion				nanu_unit_ability_death_explosion_warp_discharge_small	0.0000					vo_battle_special_ability_generic_response	100.0000	50.0000				false	false	true	false				false	false	false	false	false		vortex_on_entity_death	false	false	true	-1.0000	false	damage_aoe	2	false	1.0000		true					
nanu_unit_ability_death_explosion_warp_discharge_small	-1.0000	0.0000	-1	0.0000	true	0	0	false	-1.0000		false	false	false	0.0000	false	false	0.0000	true	80262330				0.0000	0.0000	wh_abilities_generic_explosion				nanu_unit_ability_death_explosion_warp_discharge_small	0.0000					vo_battle_special_ability_generic_response	100.0000	50.0000				false	false	true	false				false	false	false	false	false		vortex_on_entity_death	false	false	true	-1.0000	false	damage_aoe	2	false	1.0000		true					
nanu_unit_ability_death_explosion_warpfire_storm	-1.0000	0.0000	-1	0.0000	true	0	0	false	-1.0000		false	false	false	0.0000	false	false	0.0000	true	80262331				0.0000	0.0000	wh_abilities_generic_explosion				nanu_unit_ability_death_explosion_warpfire_storm	0.0000					vo_battle_special_ability_generic_response	100.0000	50.0000				false	false	true	false				false	false	false	false	false		vortex_on_entity_death	false	false	true	-1.0000	false	damage_aoe	2	false	1.0000		true					
nanu_unit_ability_death_explosion_warpgas_small	-1.0000	0.0000	-1	0.0000	true	0	0	false	-1.0000		false	false	false	0.0000	false	false	0.0000	true	80262332				0.0000	0.0000	wh_abilities_generic_explosion				nanu_unit_ability_death_explosion_tempest	0.0000					vo_battle_special_ability_generic_response	100.0000	50.0000				false	false	true	false				false	false	false	false	false		vortex_on_entity_death	false	false	true	-1.0000	false	damage_aoe	2	false	1.0000		true					
nanu_unit_ability_death_explosion_watery_grave	-1.0000	0.0000	-1	0.0000	true	0	0	false	-1.0000		false	false	false	0.0000	false	false	0.0000	true	80262333				0.0000	0.0000	wh_abilities_generic_explosion				nanu_unit_ability_death_explosion_watery_grave	0.0000					vo_battle_special_ability_generic_response	100.0000	50.0000				false	false	true	false				false	false	false	false	false		vortex_on_entity_death	false	false	true	-1.0000	false	damage_aoe	2	false	1.0000		true					
nanu_unit_ability_fecundity	12.0000	90.0000	3	0.0000	true	5	0	false	0.0000		true	false	false	0.0000	false	false	0.0000	false	80262334				0.0000	0.0000	wh_abilities_generic_regeneration_no_ring	wh_abilities_generic_regeneration_no_ring				0.0000		healing	wh3_main_ability_modular		vo_battle_special_ability_spell_cast_negative	75.0000	75.0000				false	false	true	true				false	false	false	false	false			false	false	true	-1.0000	false	buff_unit	3	false	1.0000		true		Nurgle			
nanu_unit_ability_final_transmutation	8.0000	54.0000	1	35.0000	false	0	-1	true	0.0000		false	true	true	100.0000	false	false	5.0000	false	80262335			cast_up_long	17.0000	0.0000	wh_abilities_generic_direct_damage	wh_abilities_generic_direct_damage	wh_abilities_generic_direct_damage			0.0000		direct_damage_single_entity_area	wh_main_spell_metal_final_transmutation	metal_long	vo_battle_special_ability_spell_cast_negative	0.0000	200.0000				false	false	true	false				false	false	false	false	false			false	false	true	-1.0000	false	damage_aoe	3	false	1.0000		false					
nanu_unit_ability_fire_flaming_sword_of_rhuin	28.0000	44.0000	1	35.0000	true	-1	0	true	0.0000		true	false	true	200.0000	false	false	3.0000	false	80262336			cast_up_medium	0.0000	0.0000	wh_abilities_generic_buff					0.0000		augment_melee_area	wh_main_spell_fire_flaming_sword_of_rhuin	fire_medium	vo_battle_special_ability_spell_cast_positive	75.0000	75.0000				false	false	true	true	wh3_dlc23_abilities_flaming_sword_of_rhuin			false	false	false	false	false			false	false	true	-1.0000	false	buff_unit	3	false	1.0000		true					
nanu_unit_ability_firing_line	22.0000	60.0000	-1	0.0000	true	0	0	true	0.0000		false	false	false	0.0000	false	false	0.0000	false	80262337				0.0000	0.0000	wh_abilities_generic_buff_no_ring					0.0000		augment_ranged	wh_group_unit		vo_battle_special_ability_response	0.0000	150.0000				false	false	true	false				false	false	false	false	false			false	false	true	-1.0000	false	buff_self	1	false	1.0000		false					
nanu_unit_ability_firing_line_aoe	22.0000	75.0000	-1	35.0000	true	-1	0	true	0.0000		false	false	false	0.0000	false	false	0.0000	false	80262338				0.0000	0.0000	wh_abilities_generic_buff					0.0000		augment_ranged_area	wh_group_unit		vo_battle_special_ability_response	0.0000	150.0000				false	false	true	false				false	false	false	false	false			false	false	true	-1.0000	false	buff_unit	3	false	1.0000		false					
nanu_unit_ability_force_feed_bugmans_brew	30.0000	90.0000	2	0.0000	true	0	0	false	-1.0000		false	false	false	0.0000	false	false	0.0000	false	80262339				0.0000	0.0000	wh_abilities_generic_regeneration_no_ring					0.0000			wh2_dlc17_ability_primeval_roar		vo_battle_special_ability_generic_response	50.0000	50.0000				false	false	true	false				false	false	false	false	false			false	false	true	-1.0000	false	buff_self	1	false	1.0000		true					
nanu_unit_ability_force_feed_kvas	30.0000	90.0000	2	0.0000	true	0	0	false	-1.0000		false	false	false	0.0000	false	false	0.0000	false	80262340				0.0000	0.0000	wh_abilities_generic_regeneration_no_ring					0.0000			wh2_dlc17_ability_primeval_roar		vo_battle_special_ability_generic_response	50.0000	50.0000				false	false	true	false				false	false	false	false	false			false	false	true	-1.0000	false	buff_self	1	false	1.0000		true					
nanu_unit_ability_frostfire_tempest	10.0000	60.0000	3	0.0000	false	0	-1	false	15.0000		false	false	true	100.0000	false	false	1.5000	false	80262341				0.0000	0.0000	wh_abilities_generic_vortex	wh_abilities_generic_vortex			nanu_unit_ability_frostfire_tempest	0.0000		vortex	wh_group_unit		vo_battle_special_ability_generic_response	0.0000	200.0000				false	false	true	false				false	false	false	false	false			false	false	true	-1.0000	false	damage_aoe	2	false	1.0000		true					
nanu_unit_ability_frozen_tomb	24.0000	90.0000	3	35.0000	false	0	-1	false	0.0000		false	true	false	200.0000	false	false	0.0000	false	80262342				0.0000	0.0000	wh_abilities_generic_debuff	wh_abilities_generic_debuff	wh_abilities_generic_debuff			0.0000		hex_speed_area	wh_group_lord_ability		vo_battle_special_ability_generic_response	75.0000	75.0000				false	false	true	false				false	false	false	false	false			false	false	true	-1.0000	false	debuff_unit	1	false	1.0000		true					
nanu_unit_ability_frozen_tomb_aoe	24.0000	90.0000	3	35.0000	false	0	-1	false	0.0000		false	true	false	200.0000	false	false	0.0000	false	80262343				0.0000	0.0000	wh_abilities_generic_debuff	wh_abilities_generic_debuff	wh_abilities_generic_debuff			0.0000		hex_speed_area	wh_group_lord_ability		vo_battle_special_ability_generic_response	75.0000	75.0000				false	false	true	false				false	false	false	false	false			false	false	true	-1.0000	false	debuff_unit	1	false	1.0000		true					
nanu_unit_ability_glacial_blast	4.0000	90.0000	3	0.0000	true	0	0	false	0.0000		false	false	false	200.0000	false	false	1.0000	false	80262344				0.0000	0.0000	wh_abilities_generic_explosion				wh3_main_character_abilities_glacial_blast	0.0000		aoe_centred_on_self	wh3_main_ability_modular	ice_medium	vo_battle_special_ability_spell_cast_negative	0.0000	150.0000				false	false	true	false				false	false	false	false	false			false	false	true	-1.0000	false	damage_aoe	2	false	1.0000		true	Ice	Ice			
nanu_unit_ability_glacial_blast_greater	4.0000	90.0000	3	0.0000	true	0	0	false	0.0000		false	false	false	200.0000	false	false	1.0000	false	80262345				0.0000	0.0000	wh_abilities_generic_explosion				wh3_main_character_abilities_glacial_blast	0.0000		aoe_centred_on_self	wh3_main_ability_modular	ice_medium	vo_battle_special_ability_spell_cast_negative	0.0000	150.0000				false	false	true	false				false	false	false	false	false			false	false	true	-1.0000	false	damage_aoe	2	false	1.0000		true	Ice	Ice			
nanu_unit_ability_hailstorm	9.0000	60.0000	3	0.0000	false	0	0	false	0.0000		false	true	true	200.0000	false	false	1.0000	false	80262346	wh3_main_spell_tempest_hailstorm			0.0000	0.0000	wh_spell_generic_bombardment	wh_spell_generic_bombardment	wh_spell_generic_bombardment_active			0.0000		aoe_bombardment	wh3_main_ability_modular	tempest_short	vo_battle_special_ability_spell_cast_negative	0.0000	100.0000				false	false	true	false				false	false	false	false	false			false	false	true	-1.0000	false	damage_aoe	2	false	1.0000		true		Tempest			
nanu_unit_ability_heart_of_winter	32.0000	90.0000	3	30.0000	false	0	-1	true	0.0000		false	false	false	100.0000	false	false	2.0000	false	80262347				0.0000	0.0000	wh_abilities_generic_direct_damage	wh_abilities_generic_direct_damage	wh3_main_ice_heart_of_winter			0.0000		direct_damage_multi_entity_area	wh3_main_ability_modular	ice_long	vo_battle_special_ability_spell_cast_wef_life	50.0000	150.0000				false	false	true	true				false	true	false	false	false			false	false	true	-1.0000	false	damage_aoe	3	false	1.0000		true		Ice			
nanu_unit_ability_ice_sheet	21.0000	60.0000	3	55.0000	false	0	-1	false	0.0000		false	false	true	200.0000	false	false	1.0000	false	80262348				0.0000	0.0000	wh_abilities_generic_debuff	wh_abilities_generic_debuff	wh3_main_ice_ice_sheet			0.0000		hex_speed_area	wh3_main_ability_modular	ice_short	vo_battle_special_ability_generic_response	100.0000	0.0000				false	true	true	false				false	false	false	false	false			false	false	true	-1.0000	false	debuff_unit	5	false	1.0000		true		Ice			
nanu_unit_ability_knightslayer	35.0000	90.0000	-1	0.0000	true	0	0	false	0.0000		false	false	false	0.0000	false	false	0.0000	false	80262349				0.0000	0.0000	wh_abilities_generic_buff_no_ring					0.0000		augment_melee_self	wh_group_unit		vo_battle_special_ability_response	150.0000	0.0000				false	false	true	false				false	false	false	false	false			false	false	true	-1.0000	false	buff_self	1	false	1.0000		true					
nanu_unit_ability_magma_storm_lesser	3.0000	120.0000	2	0.0000	false	0	0	false	0.0000		false	false	true	-1.0000	false	false	5.0000	false	80262350				0.0000	0.0000	wh_abilities_generic_explosion	wh_abilities_generic_explosion			nanu_unit_ability_magma_storm_lesser	0.0000		aoe_ap	wh3_main_ability_modular		vo_battle_special_ability_response	0.0000	250.0000				false	false	false	false				false	false	false	false	false			false	false	true	-1.0000	false	damage_aoe	3	false	1.0000		true		Magma_Storm			
nanu_unit_ability_melkoths_mystifying_miasma	14.0000	29.0000	2	0.0000	false	0	1	false	0.0000		false	true	false	100.0000	false	false	1.0000	false	80262351			cast_up_short	0.0000	0.0000	wh_abilities_generic_direct_damage_no_ring	wh_abilities_generic_direct_damage_no_ring				0.0000		direct_damage_multi_entity	wh_dlc05_spell_shadow_melkoths_mystifying_miasma	shadow_short	vo_battle_special_ability_spell_cast_wef_shadow	0.0000	100.0000				false	false	true	false				false	false	false	false	false			false	false	true	-1.0000	false	damage_unit	1	false	1.0000		true					
nanu_unit_ability_nightgoblin_poison	20.0000	90.0000	-1	0.0000	true	0	0	false	0.0000		false	false	false	0.0000	false	false	0.0000	false	80262352				0.0000	0.0000	wh_abilities_generic_buff_no_ring					0.0000		augment_melee_self	wh_group_unit		vo_battle_special_ability_response	150.0000	0.0000				false	false	true	false				false	false	false	false	false			false	false	true	-1.0000	false	buff_self	1	false	1.0000		true					
nanu_unit_ability_piercing_bolts_of_burning	9.0000	120.0000	2	0.0000	false	0	0	false	0.0000		false	true	true	200.0000	false	false	5.0000	false	80262353	wh_main_spell_fire_piercing_bolts_of_burning			0.0000	0.0000	wh_spell_generic_bombardment	wh_spell_generic_bombardment	wh_spell_generic_bombardment_active			0.0000		aoe_bombardment	wh_main_spell_fire_piercing_bolts_of_burning	fire_long	vo_battle_special_ability_spell_cast_negative	0.0000	237.0000				false	false	true	false				false	false	false	false	false			false	false	true	-1.0000	false	damage_aoe	1	false	1.0000		true	Fire				
nanu_unit_ability_rampaging_poison	20.0000	90.0000	-1	0.0000	true	0	0	false	0.0000		false	false	false	0.0000	false	false	0.0000	false	80262354				0.0000	0.0000	wh_abilities_generic_buff_no_ring					0.0000		augment_melee_self	wh_group_unit		vo_battle_special_ability_response	150.0000	0.0000				false	false	true	false				false	false	false	false	false			false	false	true	-1.0000	false	buff_self	1	false	1.0000		true					
nanu_unit_ability_rapid_fire	22.0000	60.0000	-1	0.0000	true	0	0	false	0.0000		false	false	false	0.0000	false	false	0.0000	false	80262355				0.0000	0.0000	wh_abilities_generic_buff_no_ring					0.0000		augment_ranged	wh_group_unit		vo_battle_special_ability_response	0.0000	150.0000				false	false	true	false				false	false	false	false	false			false	false	true	-1.0000	false	buff_self	1	false	1.0000		false					
nanu_unit_ability_rapid_fire_aoe	22.0000	75.0000	-1	35.0000	true	-1	0	false	0.0000		false	false	false	0.0000	false	false	0.0000	false	80262356				0.0000	0.0000	wh_abilities_generic_buff					0.0000		augment_ranged_area	wh_group_unit		vo_battle_special_ability_response	0.0000	150.0000				false	false	true	false				false	false	false	false	false			false	false	true	-1.0000	false	buff_unit	3	false	1.0000		false					
nanu_unit_ability_rival_hide_talisman	31.0000	90.0000	-1	35.0000	false	0	-1	true	0.0000		false	false	false	0.0000	false	false	0.0000	false	80262357				0.0000	0.0000	wh_abilities_generic_debuff	wh_abilities_generic_debuff	wh_abilities_generic_debuff			0.0000		hex_melee_area_self	wh_group_item		vo_battle_special_ability_generic_response	100.0000	0.0000				false	false	true	false				false	false	false	false	false			false	false	true	-1.0000	false	debuff_unit	3	false	1.0000		true					
nanu_unit_ability_searing_doom	9.0000	30.0000	2	0.0000	false	0	0	false	0.0000		false	true	true	100.0000	false	false	1.0000	false	80262358	wh_main_spell_metal_searing_doom		cast_up_short	6.0000	0.0000	wh_spell_generic_bombardment	wh_spell_generic_bombardment	wh_spell_generic_bombardment			0.0000		aoe_bombardment	wh_main_spell_metal_searing_doom	metal_short	vo_battle_special_ability_spell_cast_negative	0.0000	100.0000				false	false	true	false				false	false	false	false	false			false	false	true	-1.0000	false	damage_aoe	2	false	1.0000		true					
nanu_unit_ability_skavenbrew	13.0000	27.0000	3	0.0000	true	1	0	false	0.0000		false	false	false	0.0000	false	false	0.0000	false	80262359				0.0000	0.0000	wh_abilities_generic_buff_no_ring	wh_abilities_generic_buff_no_ring				0.0000		augment_melee	wh_group_item		vo_battle_special_ability_generic_response	150.0000	0.0000				false	false	true	false				false	false	false	false	false			false	false	true	-1.0000	false	buff_unit	1	false	1.0000		true					
nanu_unit_ability_smoke_bomb	22.0000	60.0000	3	35.0000	true	1	-1	false	0.0000		false	false	false	35.0000	false	false	0.0000	false	80262360				0.0000	0.0000	wh_abilities_generic_debuff					0.0000		threatened	wh_group_unit		vo_battle_special_ability_response	50.0000	100.0000				false	false	true	false				false	false	false	false	false			false	false	true	-1.0000	false	buff_self	1	false	1.0000		false					
nanu_unit_ability_soul_rend	20.0000	90.0000	-1	35.0000	true	1	-1	false	-1.0000		false	false	false	0.0000	false	false	0.0000	false	80262361				0.0000	0.0000	wh_abilities_generic_direct_damage					0.0000					vo_battle_special_ability_spell_cast_negative	50.0000	50.0000				false	false	true	false				false	false	false	false	false			false	false	true	-1.0000	false	buff_self	1	false	1.0000		true					
nanu_unit_ability_swiftness_of_itzl	15.0000	45.0000	-1	0.0000	true	0	0	false	0.0000		false	false	false	0.0000	false	false	0.0000	false	80262362				0.0000	0.0000	wh_army_abilities_generic_explosion				nanu_unit_ability_swiftness_of_itzl	0.0000		aoe_centred_on_self	wh_group_character		vo_battle_special_all_generic_response	75.0000	75.0000				false	false	true	false				false	false	false	false	false			false	false	true	-1.0000	false	buff_self	1	false	1.0000		true					
nanu_unit_ability_toothcracker	35.0000	65.0000	-1	35.0000	true	-1	0	false	0.0000		false	false	false	0.0000	false	false	0.0000	false	80262363				0.0000	0.0000	wh_abilities_generic_buff	wh_abilities_generic_buff				0.0000		augment_defense_ranged_area	wh3_main_ability_modular	great_maw_medium	vo_battle_special_ability_spell_cast_wef_life	50.0000	100.0000				false	false	true	false				false	false	false	false	false			false	false	true	-1.0000	false	buff_unit	3	false	1.0000		true		Great_Maw			
nanu_unit_ability_trollguts	35.0000	52.0000	2	0.0000	true	0	0	false	0.0000		false	false	false	0.0000	false	false	0.0000	false	80262364				0.0000	0.0000	wh_abilities_generic_regeneration_no_ring	wh_abilities_generic_regeneration_no_ring				0.0000		healing	wh3_main_ability_modular	great_maw_long	vo_battle_special_ability_spell_cast_wef_life	100.0000	100.0000				false	false	true	false				false	false	false	false	false			false	false	true	-1.0000	false	buff_unit	1	false	1.0000		true		Great_Maw			
nanu_unit_ability_volley_arcane	-1.0000	29.0000	3	0.0000	false	0	0	false	0.0000	nanu_unit_ability_volley_arcane	false	true	false	180.0000	false	false	1.0000	false	80262365				0.0000	0.0000	wh_spell_generic_missiles	wh_spell_generic_missiles				0.0000		projectile_single	wh_group_unit		vo_battle_special_ability_spell_cast_negative	0.0000	100.0000				false	false	true	false				false	false	false	false	false			false	false	true	-1.0000	false	damage_single	1	false	0.3000		true					
nanu_unit_ability_volley_arcane_greater	-1.0000	29.0000	3	0.0000	false	0	0	false	0.0000	nanu_unit_ability_volley_arcane_greater	false	true	false	180.0000	false	false	1.0000	false	80262366				0.0000	0.0000	wh_spell_generic_missiles	wh_spell_generic_missiles				0.0000		projectile_single	wh_group_unit		vo_battle_special_ability_spell_cast_negative	0.0000	100.0000				false	false	true	false				false	false	false	false	false			false	false	true	-1.0000	false	damage_single	1	false	0.3000		true					
nanu_unit_ability_volley_barbed	-1.0000	29.0000	3	0.0000	false	0	0	false	0.0000	nanu_unit_ability_volley_barbed	false	true	false	180.0000	false	false	0.0000	false	80262367				0.0000	0.0000	wh_spell_generic_missiles	wh_spell_generic_missiles				0.0000		projectile_single	wh_group_unit		vo_battle_special_ability_spell_cast_negative	0.0000	100.0000				false	false	true	false				false	false	false	false	false			false	false	true	-1.0000	false	damage_single	1	false	0.3000		true					
nanu_unit_ability_volley_barbed_greater	-1.0000	29.0000	3	0.0000	false	0	0	false	0.0000	nanu_unit_ability_volley_barbed_greater	false	true	false	180.0000	false	false	0.0000	false	80262368				0.0000	0.0000	wh_spell_generic_missiles	wh_spell_generic_missiles				0.0000		projectile_single	wh_group_unit		vo_battle_special_ability_spell_cast_negative	0.0000	100.0000				false	false	true	false				false	false	false	false	false			false	false	true	-1.0000	false	damage_single	1	false	0.3000		true					
nanu_unit_ability_volley_bonus_vs_large	-1.0000	29.0000	3	0.0000	false	0	0	false	0.0000	nanu_unit_ability_volley_bonus_vs_large	false	true	false	180.0000	false	false	0.0000	false	80262369				0.0000	0.0000	wh_spell_generic_missiles	wh_spell_generic_missiles				0.0000		projectile_single	wh_group_unit		vo_battle_special_ability_spell_cast_negative	0.0000	100.0000				false	false	true	false				false	false	false	false	false			false	false	true	-1.0000	false	damage_single	1	false	0.3000		true					
nanu_unit_ability_volley_bonus_vs_large_greater	-1.0000	29.0000	3	0.0000	false	0	0	false	0.0000	nanu_unit_ability_volley_bonus_vs_large_greater	false	true	false	180.0000	false	false	0.0000	false	80262370				0.0000	0.0000	wh_spell_generic_missiles	wh_spell_generic_missiles				0.0000		projectile_single	wh_group_unit		vo_battle_special_ability_spell_cast_negative	0.0000	100.0000				false	false	true	false				false	false	false	false	false			false	false	true	-1.0000	false	damage_single	1	false	0.3000		true					
nanu_unit_ability_volley_fire_charge	-1.0000	29.0000	3	0.0000	false	0	0	false	0.0000	nanu_unit_ability_volley_fire_charge	false	true	false	180.0000	false	false	0.0000	false	80262371				0.0000	0.0000	wh_spell_generic_missiles	wh_spell_generic_missiles				0.0000		projectile_single	wh_group_unit		vo_battle_special_ability_spell_cast_negative	0.0000	100.0000				false	false	true	false				false	false	false	false	false			false	false	true	-1.0000	false	damage_single	1	false	0.3000		true					
nanu_unit_ability_volley_fire_charge_greater	-1.0000	29.0000	3	0.0000	false	0	0	false	0.0000	nanu_unit_ability_volley_fire_charge_greater	false	true	false	180.0000	false	false	0.0000	false	80262372				0.0000	0.0000	wh_spell_generic_missiles	wh_spell_generic_missiles				0.0000		projectile_single	wh_group_unit		vo_battle_special_ability_spell_cast_negative	0.0000	100.0000				false	false	true	false				false	false	false	false	false			false	false	true	-1.0000	false	damage_single	1	false	0.3000		true					
nanu_unit_ability_volley_flaming	-1.0000	29.0000	3	0.0000	false	0	0	false	0.0000	nanu_unit_ability_volley_flaming	false	true	false	180.0000	false	false	0.0000	false	80262373				0.0000	0.0000	wh_spell_generic_missiles	wh_spell_generic_missiles				0.0000		projectile_single	wh_group_unit		vo_battle_special_ability_spell_cast_negative	0.0000	100.0000				false	false	true	false				false	false	false	false	false			false	false	true	-1.0000	false	damage_single	1	false	0.3000		true					
nanu_unit_ability_volley_flaming_greater	-1.0000	29.0000	3	0.0000	false	0	0	false	0.0000	nanu_unit_ability_volley_flaming_greater	false	true	false	180.0000	false	false	0.0000	false	80262374				0.0000	0.0000	wh_spell_generic_missiles	wh_spell_generic_missiles				0.0000		projectile_single	wh_group_unit		vo_battle_special_ability_spell_cast_negative	0.0000	100.0000				false	false	true	false				false	false	false	false	false			false	false	true	-1.0000	false	damage_single	1	false	0.3000		true					
nanu_unit_ability_volley_ice_shard	-1.0000	29.0000	3	0.0000	false	0	0	false	0.0000	nanu_unit_ability_volley_ice_shard	false	true	false	180.0000	false	false	0.0000	false	80262375				0.0000	0.0000	wh_spell_generic_missiles	wh_spell_generic_missiles				0.0000		projectile_single	wh_group_unit		vo_battle_special_ability_spell_cast_negative	0.0000	100.0000				false	false	true	false				false	false	false	false	false			false	false	true	-1.0000	false	damage_single	1	false	0.3000		true					
nanu_unit_ability_volley_ice_shard_greater	-1.0000	29.0000	3	0.0000	false	0	0	false	0.0000	nanu_unit_ability_volley_ice_shard_greater	false	true	false	180.0000	false	false	0.0000	false	80262376				0.0000	0.0000	wh_spell_generic_missiles	wh_spell_generic_missiles				0.0000		projectile_single	wh_group_unit		vo_battle_special_ability_spell_cast_negative	0.0000	100.0000				false	false	true	false				false	false	false	false	false			false	false	true	-1.0000	false	damage_single	1	false	0.3000		true					
nanu_unit_ability_volley_piercing	-1.0000	29.0000	3	0.0000	false	0	0	false	0.0000	nanu_unit_ability_volley_piercing	false	true	false	180.0000	false	false	0.0000	false	80262377				0.0000	0.0000	wh_spell_generic_missiles	wh_spell_generic_missiles				0.0000		projectile_single	wh_group_unit		vo_battle_special_ability_spell_cast_negative	0.0000	100.0000				false	false	true	false				false	false	false	false	false			false	false	true	-1.0000	false	damage_single	1	false	0.3000		true					
nanu_unit_ability_volley_piercing_greater	-1.0000	29.0000	3	0.0000	false	0	0	false	0.0000	nanu_unit_ability_volley_piercing_greater	false	true	false	180.0000	false	false	0.0000	false	80262378				0.0000	0.0000	wh_spell_generic_missiles	wh_spell_generic_missiles				0.0000		projectile_single	wh_group_unit		vo_battle_special_ability_spell_cast_negative	0.0000	100.0000				false	false	true	false				false	false	false	false	false			false	false	true	-1.0000	false	damage_single	1	false	0.3000		true					
nanu_unit_ability_volley_poison	-1.0000	29.0000	3	0.0000	false	0	0	false	0.0000	nanu_unit_ability_volley_poison	false	true	false	180.0000	false	false	0.0000	false	80262379				0.0000	0.0000	wh_spell_generic_missiles	wh_spell_generic_missiles				0.0000		projectile_single	wh_group_unit		vo_battle_special_ability_spell_cast_negative	0.0000	100.0000				false	false	true	false				false	false	false	false	false			false	false	true	-1.0000	false	damage_single	1	false	0.3000		true					
nanu_unit_ability_volley_poison_greater	-1.0000	29.0000	3	0.0000	false	0	0	false	0.0000	nanu_unit_ability_volley_poison_greater	false	true	false	180.0000	false	false	0.0000	false	80262380				0.0000	0.0000	wh_spell_generic_missiles	wh_spell_generic_missiles				0.0000		projectile_single	wh_group_unit		vo_battle_special_ability_spell_cast_negative	0.0000	100.0000				false	false	true	false				false	false	false	false	false			false	false	true	-1.0000	false	damage_single	1	false	0.3000		true					
nanu_unit_ability_wake_of_fire	2.0000	120.0000	3	0.0000	false	0	0	false	0.0000		false	true	true	100.0000	false	false	0.0000	false	80262381				0.0000	0.0000	wh_abilities_generic_breath	wh_abilities_generic_breath			wh2_main_weapon_abilities_sunfang	0.0000		vortex_breath	wh_group_mount_generic		vo_battle_special_ability_spell_cast_negative	0.0000	200.0000				false	false	true	false				false	false	false	false	false			false	false	true	-1.0000	false	damage_unit	1	false	1.0000		true					
nanu_unit_ability_warp_storm	13.0000	130.0000	2	0.0000	false	0	0	false	0.0000		false	true	true	200.0000	false	false	1.0000	false	80262382	nanu_unit_ability_warp_storm			0.0000	0.0000	wh_spell_generic_bombardment	wh_spell_generic_bombardment	wh_spell_generic_bombardment_active			0.0000		aoe_bombardment	wh2_main_spell_ruin_warp_lightning_upgraded	ruin_long	vo_battle_special_ability_spell_cast_negative	0.0000	260.0000				false	false	true	false				false	false	false	false	false			false	false	true	-1.0000	false	damage_aoe	1	false	1.0000		true					
nanu_unit_ability_worlds_edge_armour	57.0000	120.0000	-1	0.0000	true	0	0	false	0.0000		false	false	false	0.0000	false	false	0.0000	false	80262383				0.0000	0.0000	wh_abilities_generic_buff_no_ring					0.0000		augment_melee_self	wh_group_weapon_armour		vo_battle_special_ability_generic_response	100.0000	0.0000				false	false	true	false				false	false	false	false	false			false	false	true	-1.0000	false	buff_self	1	false	1.0000		true					
nanu_unit_passive_acceleration_boost_hidden	-1.0000	-1.0000	-1	0.0000	true	0	0	false	0.0000		false	false	false	0.0000	false	false	0.0000	true	80262384				0.0000	0.0000	wh_abilities_generic_regeneration	wh_abilities_generic_regeneration				0.0000			wh_group_unit		vo_battle_special_all_generic_response	100.0000	0.0000				false	false	true	false				false	false	false	false	false			false	false	true	-1.0000	false	buff_self	1	false	1.0000		true					
nanu_unit_passive_amphibious	-1.0000	-1.0000	-1	0.0000	true	0	-1	true	-1.0000		false	false	false	0.0000	false	false	0.0000	true	80262385				0.0000	0.0000						0.0000			wh_group_unit		vo_battle_special_all_generic_response	40.0000	40.0000				false	false	true	false				false	false	false	false	false			false	false	true	-1.0000	false	default	1	false	1.0000		true					
nanu_unit_passive_aura_of_blood	-1.0000	-1.0000	-1	35.0000	true	-1	0	true	-1.0000		false	false	false	35.0000	false	false	0.0000	true	80262386				0.0000	0.0000	wh_abilities_generic_buff					0.0000					vo_battle_special_all_generic_response	50.0000	50.0000				false	false	true	false				false	false	false	false	false			false	false	true	-1.0000	false	buff_unit	3	false	1.0000		true					
nanu_unit_passive_aura_of_dispelling	-1.0000	-1.0000	-1	35.0000	true	0	-1	true	-1.0000		false	false	false	0.0000	false	false	0.0000	true	80262387				0.0000	0.0000	wh_abilities_generic_buff					0.0000			wh_group_unit		vo_battle_special_all_generic_response	40.0000	40.0000				false	false	true	false				false	false	false	false	false			false	false	true	-1.0000	false	default	3	false	1.0000		true					
nanu_unit_passive_aura_of_healing	-1.0000	-1.0000	-1	40.0000	true	-1	0	true	-1.0000		false	false	false	0.0000	false	false	0.0000	true	80262388				0.0000	0.0000	wh_abilities_generic_regeneration	wh_abilities_generic_regeneration				0.0000					vo_battle_special_all_generic_response	40.0000	0.0000				false	false	true	false				false	false	false	false	false			false	false	true	-1.0000	false	default	1	false	1.0000		true					
nanu_unit_passive_aura_of_hexing	-1.0000	-1.0000	-1	-1.0000	true	0	-1	true	-1.0000		false	false	false	0.0000	false	false	0.0000	true	80262389				0.0000	0.0000	wh_abilities_generic_buff					0.0000			wh_group_unit		vo_battle_special_all_generic_response	40.0000	40.0000				false	false	true	false				false	false	false	false	false			false	false	true	-1.0000	false	default	3	false	1.0000		true					
nanu_unit_passive_aura_of_protection	-1.0000	-1.0000	-1	35.0000	true	-1	0	true	-1.0000		false	false	false	0.0000	false	false	0.0000	true	80262390				0.0000	0.0000	wh_abilities_generic_buff					0.0000					vo_battle_special_all_generic_response	50.0000	50.0000				false	false	true	false				false	false	false	false	false			false	false	true	-1.0000	false	buff_unit	3	false	1.0000		true					
nanu_unit_passive_aura_of_purity	15.0000	5.0000	-1	35.0000	true	-1	0	true	-1.0000		false	false	false	0.0000	false	false	0.0000	true	80262391				0.0000	0.0000	wh_abilities_generic_buff					0.0000					vo_battle_special_all_generic_response	50.0000	50.0000				false	false	true	false				false	false	false	false	false			false	false	true	-1.0000	false	buff_unit	3	false	1.0000		true					
nanu_unit_passive_aura_of_rust	-1.0000	-1.0000	-1	35.0000	true	0	-1	true	-1.0000		false	false	false	0.0000	false	false	0.0000	true	80262392				0.0000	0.0000	wh_abilities_generic_buff					0.0000			wh_group_unit		vo_battle_special_all_generic_response	40.0000	40.0000				false	false	true	false				false	false	false	false	false			false	false	true	-1.0000	false	default	3	false	1.0000		true					
nanu_unit_passive_aura_of_shielding	-1.0000	-1.0000	-1	35.0000	true	-1	0	true	-1.0000		false	false	false	0.0000	false	false	0.0000	true	80262393				0.0000	0.0000	wh_abilities_generic_buff					0.0000					vo_battle_special_all_generic_response	50.0000	50.0000				false	false	true	false				false	false	false	false	false			false	false	true	-1.0000	false	buff_unit	3	false	1.0000		true					
nanu_unit_passive_aura_of_warding	-1.0000	-1.0000	-1	35.0000	true	-1	0	true	-1.0000		false	false	false	0.0000	false	false	0.0000	true	80262394				0.0000	0.0000	wh_abilities_generic_buff					0.0000					vo_battle_special_all_generic_response	50.0000	50.0000				false	false	true	false				false	false	false	false	false			false	false	true	-1.0000	false	buff_unit	3	false	1.0000		true					
nanu_unit_passive_banish_daemons	-1.0000	-1.0000	-1	35.0000	false	0	-1	true	-1.0000		false	false	false	0.0000	false	false	0.0000	true	80262395				0.0000	0.0000	wh_abilities_generic_debuff	wh_abilities_generic_debuff				0.0000					vo_battle_special_ability_generic_response	40.0000	0.0000				false	false	true	true				false	false	false	false	false			false	false	true	-1.0000	false	default	1	false	0.0000		true					
nanu_unit_passive_banish_undead	-1.0000	-1.0000	-1	35.0000	false	0	-1	true	-1.0000		false	false	false	0.0000	false	false	0.0000	true	80262396				0.0000	0.0000	wh_abilities_generic_debuff	wh_abilities_generic_debuff				0.0000					vo_battle_special_ability_generic_response	40.0000	0.0000				false	false	true	true				false	false	false	false	false			false	false	true	-1.0000	false	default	1	false	0.0000		true					
nanu_unit_passive_beacon_of_hope	-1.0000	-1.0000	-1	35.0000	true	-1	0	true	-1.0000		false	false	false	0.0000	false	false	0.0000	true	80262397				0.0000	0.0000	wh_abilities_generic_buff					0.0000					vo_battle_special_all_generic_response	50.0000	50.0000				false	false	true	false				false	false	false	false	false			false	false	true	-1.0000	false	buff_unit	3	false	1.0000		true					
nanu_unit_passive_blazing_aura	-1.0000	-1.0000	-1	35.0000	false	0	-1	true	-1.0000		false	false	false	0.0000	false	false	0.0000	true	80262398				0.0000	0.0000	wh_abilities_generic_direct_damage					0.0000					vo_battle_special_ability_spell_cast_negative	0.0000	200.0000				false	false	true	false				false	false	false	false	false			false	false	true	-1.0000	false	damage_aoe	3	false	1.0000		true					
nanu_unit_passive_blood_gods_rage	-1.0000	-1.0000	-1	35.0000	true	-1	0	true	-1.0000		false	false	false	0.0000	false	false	0.0000	true	80262399				0.0000	0.0000	wh_abilities_generic_buff					0.0000					vo_battle_special_all_generic_response	50.0000	50.0000				false	false	true	false				false	false	false	false	false			false	false	true	-1.0000	false	buff_unit	3	false	1.0000		true					
nanu_unit_passive_blood_rage	-1.0000	-1.0000	-1	50.0000	true	-1	0	false	0.0000		false	false	false	50.0000	false	false	0.0000	true	80262400				0.0000	0.0000	wh_abilities_generic_buff					0.0000		augment_melee_morale_area	wh_group_unit		vo_battle_special_ability_response	50.0000	0.0000				false	false	true	false				false	false	false	false	false			false	false	true	-1.0000	false	buff_unit	3	false	1.0000		false					
nanu_unit_passive_bloodthirst	-1.0000	-1.0000	-1	0.0000	true	0	0	true	-1.0000		false	false	false	0.0000	false	false	0.0000	true	80262401				0.0000	0.0000	wh_abilities_generic_buff					0.0000					vo_battle_special_all_generic_response	50.0000	50.0000				false	false	true	false				false	false	false	false	false			false	false	true	-1.0000	false	buff_unit	1	false	1.0000		true					
nanu_unit_passive_bloodthirsty_rampage	-1.0000	-1.0000	-1	0.0000	true	1	0	true	0.0000		false	false	false	0.0000	false	false	0.0000	true	80262402				0.0000	0.0000						0.0000			wh_group_unit		vo_battle_special_all_generic_response	75.0000	0.0000				false	false	true	false				false	false	false	false	false			false	false	true	-1.0000	false	buff_self	1	false	1.0000		true					
nanu_unit_passive_brace	15.0000	5.0000	-1	0.0000	true	1	0	false	1.0000		false	false	false	30.0000	false	false	0.0000	true	80262403				0.0000	0.0000						0.0000			wh_group_unit		vo_battle_special_all_generic_response	50.0000	0.0000				false	false	true	false				false	false	false	false	false			false	false	true	-1.0000	false	buff_self	1	false	1.0000		true					
nanu_unit_passive_cathayan_martial_mastery	-1.0000	-1.0000	-1	0.0000	true	0	0	false	0.0000		false	false	false	0.0000	false	false	0.0000	true	80262404				0.0000	0.0000						0.0000			wh_group_unit		vo_battle_special_all_generic_response	100.0000	0.0000				false	false	true	false				false	false	false	false	false			false	false	true	-1.0000	false	buff_self	1	false	1.0000		true					
nanu_unit_passive_charge_breaker	-1.0000	-1.0000	-1	40.0000	false	0	-1	true	-1.0000		false	false	false	0.0000	false	false	0.0000	true	80262405				0.0000	0.0000	wh_abilities_generic_buff					0.0000			wh_group_unit		vo_battle_special_all_generic_response	40.0000	40.0000				false	false	true	false				false	false	false	false	false			false	false	true	-1.0000	false	debuff_unit	3	false	1.0000		true					
nanu_unit_passive_clairvoyance	-1.0000	-1.0000	-1	0.0000	true	0	0	false	0.0000		false	false	false	40.0000	false	false	0.0000	true	80262406				0.0000	0.0000						0.0000			wh_group_unit		vo_battle_special_all_generic_response	150.0000	0.0000				false	false	true	false				false	false	false	false	false			false	false	true	-1.0000	false	buff_self	1	false	1.0000		true					
nanu_unit_passive_counter_charge	15.0000	30.0000	-1	0.0000	true	1	0	false	-1.0000		false	false	false	0.0000	false	false	0.0000	true	80262407				0.0000	0.0000	wh_abilities_generic_buff	wh_abilities_generic_buff				0.0000			wh_group_unit		vo_battle_special_all_generic_response	100.0000	100.0000				false	false	true	false				false	false	false	false	false			false	false	true	-1.0000	false	buff_unit	3	false	1.0000		true					
nanu_unit_passive_courage_in_death	-1.0000	-1.0000	-1	0.0000	true	0	0	false	0.0000		false	false	false	0.0000	false	false	0.0000	true	80262408				0.0000	0.0000						0.0000			wh_group_unit		vo_battle_special_all_generic_response	150.0000	0.0000				false	false	true	false				false	false	false	false	false			false	false	true	-1.0000	false	buff_self	1	false	1.0000		true					
nanu_unit_passive_crabfeast	-1.0000	-1.0000	-1	35.0000	false	0	-1	true	0.0000		false	false	false	0.0000	false	false	0.0000	true	80262409				0.0000	0.0000	wh_abilities_generic_debuff					0.0000					vo_battle_special_ability_spell_cast_negative	100.0000	0.0000				false	false	true	false		wh3_dlc24_incarnate_flock_of_doom		false	false	false	false	false			false	false	true	-1.0000	false	damage_aoe	3	false	1.0000		true					
nanu_unit_passive_crowfeast	-1.0000	-1.0000	-1	35.0000	false	0	-1	true	0.0000		false	false	false	0.0000	false	false	0.0000	true	80262410				0.0000	0.0000	wh_abilities_generic_debuff					0.0000			wh_dlc03_spell_beasts_flock_of_doom	beasts_short	vo_battle_special_ability_spell_cast_negative	100.0000	0.0000				false	false	true	false		wh3_dlc24_incarnate_flock_of_doom		false	false	false	false	false			false	false	true	-1.0000	false	damage_aoe	3	false	1.0000		true					
nanu_unit_passive_crush_the_weak	-1.0000	-1.0000	-1	35.0000	true	0	-1	true	-1.0000		false	false	false	0.0000	false	false	0.0000	true	80262411				0.0000	0.0000	wh_abilities_generic_buff					0.0000			wh_group_unit		vo_battle_special_all_generic_response	40.0000	40.0000				false	false	true	false				false	false	false	false	false			false	false	true	-1.0000	false	default	3	false	1.0000		true					
nanu_unit_passive_dark_prince_forsaken	-1.0000	-1.0000	-1	35.0000	true	0	-1	true	-1.0000		false	false	false	0.0000	false	false	0.0000	true	80262412				0.0000	0.0000	wh_abilities_generic_buff					0.0000			wh_group_unit		vo_battle_special_all_generic_response	40.0000	40.0000				false	false	true	false				false	false	false	false	false			false	false	true	-1.0000	false	default	3	false	1.0000		true					
nanu_unit_passive_disharmony	-1.0000	-1.0000	-1	35.0000	true	0	-1	true	-1.0000		false	false	false	0.0000	false	false	0.0000	true	80262413				0.0000	0.0000	wh_abilities_generic_buff					0.0000			wh_group_unit		vo_battle_special_all_generic_response	40.0000	40.0000				false	false	true	false				false	false	false	false	false			false	false	true	-1.0000	false	default	3	false	1.0000		true					
nanu_unit_passive_dread_legion	10.0000	60.0000	2	0.0000	true	0	0	false	0.0000		false	false	false	0.0000	false	false	0.0000	true	80262414				0.0000	0.0000	wh_abilities_generic_regeneration_no_ring					0.0000		healing	wh_group_dark_magic		vo_battle_special_all_generic_response	100.0000	100.0000				false	false	true	false				false	false	false	false	false			false	false	true	-1.0000	false	buff_self	1	false	1.0000		true					
nanu_unit_passive_ensorcelled_weapons	-1.0000	-1.0000	-1	0.0000	true	0	0	true	-1.0000		false	false	false	-1.0000	false	false	0.0000	true	80262415				0.0000	0.0000	wh_abilities_generic_buff					0.0000					vo_battle_special_all_generic_response	50.0000	50.0000				false	false	true	false				false	false	false	false	false			false	false	true	-1.0000	false	buff_unit	1	false	1.0000		true					
nanu_unit_passive_ensorcelled_weapons_aoe	-1.0000	-1.0000	-1	30.0000	true	-1	0	true	-1.0000		false	false	false	-1.0000	false	false	0.0000	true	80262416				0.0000	0.0000	wh_abilities_generic_buff					0.0000					vo_battle_special_all_generic_response	50.0000	50.0000				false	false	true	false				false	false	false	false	false			false	false	true	-1.0000	false	buff_unit	3	false	1.0000		true					
nanu_unit_passive_ensorcelled_weapons_entropic	-1.0000	-1.0000	-1	0.0000	true	0	0	true	-1.0000		false	false	false	-1.0000	false	false	0.0000	true	80262417				0.0000	0.0000	wh_abilities_generic_buff					0.0000					vo_battle_special_all_generic_response	50.0000	50.0000				false	false	true	false				false	false	false	false	false			false	false	true	-1.0000	false	buff_unit	1	false	1.0000		true					
nanu_unit_passive_ensorcelled_weapons_entropic_aoe	-1.0000	-1.0000	-1	30.0000	true	-1	0	true	-1.0000		false	false	false	-1.0000	false	false	0.0000	true	80262418				0.0000	0.0000	wh_abilities_generic_buff					0.0000					vo_battle_special_all_generic_response	50.0000	50.0000				false	false	true	false				false	false	false	false	false			false	false	true	-1.0000	false	buff_unit	3	false	1.0000		true					
nanu_unit_passive_ensorcelled_weapons_flaming	-1.0000	-1.0000	-1	0.0000	true	0	0	true	-1.0000		false	false	false	-1.0000	false	false	0.0000	true	80262419				0.0000	0.0000	wh_abilities_generic_buff					0.0000					vo_battle_special_all_generic_response	50.0000	50.0000				false	false	true	false				false	false	false	false	false			false	false	true	-1.0000	false	buff_unit	1	false	1.0000		true					
nanu_unit_passive_ensorcelled_weapons_flaming_aoe	-1.0000	-1.0000	-1	30.0000	true	-1	0	true	-1.0000		false	false	false	-1.0000	false	false	0.0000	true	80262420				0.0000	0.0000	wh_abilities_generic_buff					0.0000					vo_battle_special_all_generic_response	50.0000	50.0000				false	false	true	false				false	false	false	false	false			false	false	true	-1.0000	false	buff_unit	3	false	1.0000		true					
nanu_unit_passive_ensorcelled_weapons_poison	-1.0000	-1.0000	-1	0.0000	true	0	0	true	-1.0000		false	false	false	-1.0000	false	false	0.0000	true	80262421				0.0000	0.0000	wh_abilities_generic_buff					0.0000					vo_battle_special_all_generic_response	50.0000	50.0000				false	false	true	false				false	false	false	false	false			false	false	true	-1.0000	false	buff_unit	1	false	1.0000		true					
nanu_unit_passive_ensorcelled_weapons_poison_aoe	-1.0000	-1.0000	-1	30.0000	true	-1	0	true	-1.0000		false	false	false	-1.0000	false	false	0.0000	true	80262422				0.0000	0.0000	wh_abilities_generic_buff					0.0000					vo_battle_special_all_generic_response	50.0000	50.0000				false	false	true	false				false	false	false	false	false			false	false	true	-1.0000	false	buff_unit	3	false	1.0000		true					
nanu_unit_passive_entrench	-1.0000	5.0000	-1	0.0000	true	0	0	false	0.0000		false	false	false	0.0000	false	false	0.0000	true	80262423				0.0000	0.0000						0.0000			wh_group_unit		vo_battle_special_all_generic_response	0.0000	150.0000				false	false	true	false				false	false	false	false	false			false	false	true	-1.0000	false	buff_self	1	false	1.0000		true					
nanu_unit_passive_ever_burning_light	-1.0000	-1.0000	-1	35.0000	true	-1	0	true	-1.0000		false	false	false	0.0000	false	false	0.0000	true	80262424				0.0000	0.0000	wh_abilities_generic_buff	wh_abilities_generic_buff				0.0000					vo_battle_special_ability_response	134.0000	66.0000				false	false	true	false				false	false	false	false	false			false	false	true	-1.0000	false	buff_unit	3	false	1.0000		true					
nanu_unit_passive_expert_skirmisher	-1.0000	-1.0000	-1	55.0000	true	0	0	false	0.0000		false	false	false	55.0000	false	false	0.0000	true	80262425				0.0000	0.0000	wh_abilities_generic_regeneration	wh_abilities_generic_regeneration				0.0000			wh_group_unit		vo_battle_special_all_generic_response	100.0000	0.0000				false	false	true	false				false	false	false	false	false			false	false	true	-1.0000	false	buff_self	1	false	1.0000		true					
nanu_unit_passive_field_medic	-1.0000	-1.0000	-1	25.0000	true	0	0	false	0.0000		false	false	false	0.0000	false	false	0.0000	true	80262426				0.0000	0.0000	wh_army_abilities_generic_regeneration	wh_army_abilities_generic_regeneration				0.0000			wh_group_unit		vo_battle_special_all_generic_response	100.0000	0.0000				false	false	true	false				false	false	false	false	false			false	false	true	-1.0000	false	buff_self	1	false	1.0000		true					
nanu_unit_passive_flame_incarnate	-1.0000	-1.0000	-1	0.0000	true	0	0	false	0.0000		false	false	false	40.0000	false	false	0.0000	true	80262427				0.0000	0.0000						0.0000			wh_group_unit		vo_battle_special_all_generic_response	150.0000	0.0000				false	false	true	false				false	false	false	false	false			false	false	true	-1.0000	false	buff_self	1	false	1.0000		true					
nanu_unit_passive_flanker	-1.0000	-1.0000	-1	0.0000	true	0	0	false	0.0000		false	false	false	0.0000	false	false	0.0000	true	80262428				0.0000	0.0000						0.0000			wh_group_unit		vo_battle_special_all_generic_response	75.0000	0.0000				false	false	true	false				false	false	false	false	false			false	false	true	-1.0000	false	buff_self	1	false	1.0000		true					
nanu_unit_passive_flesh_stitch	-1.0000	-1.0000	-1	0.0000	true	0	0	false	-1.0000		false	false	false	0.0000	false	false	0.0000	true	80262429				0.0000	0.0000	wh_abilities_generic_regeneration_no_ring					0.0000					vo_battle_special_ability_generic_response	50.0000	50.0000				false	false	true	false				false	false	false	false	false			false	false	true	-1.0000	false	buff_self	1	false	1.0000		true					
nanu_unit_passive_forest_stalker	-1.0000	-1.0000	-1	0.0000	true	0	0	false	0.0000		false	false	false	0.0000	false	false	0.0000	true	80262430				0.0000	0.0000						0.0000			wh_group_unit		vo_battle_special_all_generic_response	200.0000	0.0000				false	false	true	false				false	false	false	false	false			false	false	true	-1.0000	false	buff_self	1	false	1.0000		true					
nanu_unit_passive_freezing_aura	-1.0000	-1.0000	-1	35.0000	false	0	-1	true	-1.0000		false	false	false	0.0000	false	false	0.0000	true	80262431				0.0000	0.0000	wh_abilities_generic_debuff					0.0000					vo_battle_special_ability_spell_cast_negative	0.0000	200.0000				false	false	true	false				false	false	false	false	false			false	false	true	-1.0000	false	debuff_unit	3	false	1.0000		true					
nanu_unit_passive_frenzied_charge	15.0000	-1.0000	-1	55.0000	true	-1	0	true	-1.0000		false	false	false	0.0000	false	false	0.0000	true	80262432				0.0000	0.0000						0.0000					vo_battle_special_ability_generic_response	0.0000	0.0000				false	false	true	false				false	false	false	false	false			false	false	true	-1.0000	false	buff_self	1	false	1.0000		true					
nanu_unit_passive_from_the_mist	-1.0000	-1.0000	-1	25.0000	true	-1	0	true	-1.0000		false	false	false	0.0000	false	false	0.0000	true	80262433				0.0000	0.0000	wh_abilities_generic_buff					0.0000					vo_battle_special_all_generic_response	50.0000	50.0000				false	false	true	false				false	false	false	false	false			false	false	true	-1.0000	false	buff_unit	3	false	1.0000		true					
nanu_unit_passive_gravity_shift	-1.0000	-1.0000	-1	35.0000	true	0	-1	true	-1.0000		false	false	false	0.0000	false	false	0.0000	true	80262434				0.0000	0.0000	wh_abilities_generic_buff					0.0000			wh_group_unit		vo_battle_special_all_generic_response	40.0000	40.0000				false	false	true	false				false	false	false	false	false			false	false	true	-1.0000	false	default	3	false	1.0000		true					
nanu_unit_passive_hawkish_precision	-1.0000	-1.0000	-1	0.0000	true	0	0	false	-1.0000		false	false	false	70.0000	false	false	0.0000	true	80262435				0.0000	0.0000	wh_abilities_generic_buff					0.0000					vo_battle_special_all_generic_response	0.0000	50.0000				false	false	true	false				false	false	false	false	false			false	false	true	-1.0000	false	buff_self	1	false	1.0000		true					
nanu_unit_passive_heroic_charge	15.0000	-1.0000	-1	55.0000	true	-1	0	true	-1.0000		false	false	false	0.0000	false	false	0.0000	true	80262436				0.0000	0.0000	wh_abilities_generic_buff	wh_abilities_generic_buff				0.0000			wh_group_unit		vo_battle_special_all_generic_response	100.0000	100.0000				false	false	true	false				false	false	false	false	false			false	false	true	-1.0000	false	buff_unit	3	false	1.0000		true					
nanu_unit_passive_holy_aura	-1.0000	-1.0000	-1	35.0000	true	-1	0	true	-1.0000		false	false	false	0.0000	false	false	0.0000	true	80262437				0.0000	0.0000	wh_abilities_generic_buff					0.0000					vo_battle_special_all_generic_response	50.0000	50.0000				false	false	true	false				false	false	false	false	false			false	false	true	-1.0000	false	buff_unit	3	false	1.0000		true					
nanu_unit_passive_immaculate_charge	7.0000	30.0000	-1	0.0000	true	1	0	false	-1.0000		false	false	false	0.0000	false	false	0.0000	true	80262438				0.0000	0.0000	wh_abilities_generic_buff	wh_abilities_generic_buff				0.0000			wh_group_unit		vo_battle_special_all_generic_response	100.0000	100.0000				false	false	true	false				false	false	false	false	false			false	false	true	-1.0000	false	buff_unit	3	false	1.0000		true					
nanu_unit_passive_kvas_flasks	15.0000	30.0000	3	0.0000	true	0	0	false	-1.0000		false	false	false	0.0000	false	false	0.0000	true	80262439				0.0000	0.0000	wh_abilities_generic_regeneration_no_ring					0.0000					vo_battle_special_ability_generic_response	50.0000	50.0000				false	false	true	false				false	false	false	false	false			false	false	true	-1.0000	false	buff_self	1	false	1.0000		true					
nanu_unit_passive_living_armour	-1.0000	-1.0000	-1	0.0000	true	0	0	false	0.0000		false	false	false	0.0000	false	false	0.0000	true	80262440				0.0000	0.0000						0.0000			wh_group_unit		vo_battle_special_all_generic_response	150.0000	0.0000				false	false	true	false				false	false	false	false	false			false	false	true	-1.0000	false	buff_self	1	false	1.0000		true					
nanu_unit_passive_luck_of_ranald	15.0000	5.0000	-1	0.0000	true	0	0	false	0.0000		false	false	false	0.0000	false	false	0.0000	true	80262441				0.0000	0.0000						0.0000					vo_battle_special_all_generic_response	75.0000	0.0000				false	false	true	false				false	false	false	false	false		random_phases	false	false	true	-1.0000	false	buff_self	1	false	1.0000		true					
nanu_unit_passive_murderous_mastery	-1.0000	-1.0000	-1	0.0000	true	0	0	false	-1.0000		false	false	false	35.0000	true	false	0.0000	true	80262442				0.0000	0.0000						0.0000			wh_group_unit		vo_battle_special_all_generic_response	100.0000	0.0000				false	false	true	false				false	false	false	false	false			false	false	true	-1.0000	false	buff_self	1	false	1.0000		true					
nanu_unit_passive_piercing_gaze	-1.0000	-1.0000	-1	200.0000	false	0	-1	true	-1.0000		false	false	false	0.0000	false	false	0.0000	true	80262443				0.0000	0.0000	wh_abilities_generic_debuff_large	wh_abilities_generic_debuff_large				0.0000					vo_battle_special_ability_spell_cast_negative	50.0000	50.0000				false	false	true	false				false	false	false	false	false			false	false	true	-1.0000	false	debuff_unit	1	false	1.0000		true					
nanu_unit_passive_purge_the_foul	-1.0000	-1.0000	-1	35.0000	true	0	-1	true	-1.0000		false	false	false	0.0000	false	false	0.0000	true	80262444				0.0000	0.0000	wh_abilities_generic_buff					0.0000			wh_group_unit		vo_battle_special_all_generic_response	40.0000	40.0000				false	false	true	false				false	false	false	false	false			false	false	true	-1.0000	false	default	1	false	1.0000		true					
nanu_unit_passive_relentless_assault	-1.0000	-1.0000	-1	0.0000	true	0	0	true	-1.0000		false	false	false	0.0000	false	false	0.0000	true	80262445				0.0000	0.0000	wh_abilities_generic_buff	wh_abilities_generic_buff				0.0000					vo_battle_special_ability_response	134.0000	66.0000				false	false	true	false				false	false	false	false	false			false	false	true	-1.0000	false	buff_unit	3	false	1.0000		true					
nanu_unit_passive_resplendent_armour	-1.0000	-1.0000	-1	35.0000	true	1	-1	false	0.0000		false	false	false	0.0000	false	false	0.0000	true	80262446				0.0000	0.0000						0.0000			wh_group_unit		vo_battle_special_all_generic_response	100.0000	0.0000				false	false	true	false				false	false	false	false	false			false	false	true	-1.0000	false	buff_self	1	false	1.0000		true					
nanu_unit_passive_run_them_down	-1.0000	-1.0000	-1	0.0000	true	0	0	false	0.0000		false	false	false	25.0000	false	false	0.0000	true	80262447				0.0000	0.0000						0.0000			wh_group_unit		vo_battle_special_all_generic_response	150.0000	0.0000				false	false	true	false				false	false	false	false	false			false	false	true	-1.0000	false	buff_self	1	false	1.0000		true					
nanu_unit_passive_soothing_warmth	-1.0000	-1.0000	-1	35.0000	true	-1	0	true	-1.0000		false	false	false	0.0000	false	false	0.0000	true	80262448				0.0000	0.0000	wh_abilities_generic_buff					0.0000					vo_battle_special_all_generic_response	50.0000	50.0000				false	false	true	false				false	false	false	false	false			false	false	true	-1.0000	false	buff_unit	3	false	1.0000		true					
nanu_unit_passive_spellshield	-1.0000	-1.0000	-1	0.0000	true	1	0	true	-1.0000		false	false	false	0.0000	false	false	0.0000	true	80262449				0.0000	0.0000	wh_abilities_generic_buff					0.0000					vo_battle_special_all_generic_response	50.0000	50.0000				false	false	true	false				false	false	false	false	false			false	false	true	-1.0000	false	buff_unit	3	false	1.0000		true					
nanu_unit_passive_spellshield_aura	-1.0000	-1.0000	-1	35.0000	true	-1	0	true	-1.0000		false	false	false	0.0000	false	false	0.0000	true	80262450				0.0000	0.0000	wh_abilities_generic_buff					0.0000					vo_battle_special_all_generic_response	50.0000	50.0000				false	false	true	false				false	false	false	false	false			false	false	true	-1.0000	false	buff_unit	3	false	1.0000		true					
nanu_unit_passive_spurting_acid_blood	2.0000	15.0000	-1	0.0000	true	0	0	false	10.0000		false	false	false	0.0000	false	false	0.0000	true	80262451				0.0000	0.0000	wh_abilities_generic_vortex	wh_abilities_generic_vortex			nanu_unit_passive_spurting_acid_blood	0.0000					vo_battle_special_ability_response	100.0000	100.0000				false	false	true	false				false	false	false	false	false			false	false	true	-1.0000	false	damage_aoe	2	false	1.0000		true					
nanu_unit_passive_steel	-1.0000	-1.0000	-1	0.0000	true	0	0	false	0.0000		false	false	false	0.0000	false	false	0.0000	true	80262452				0.0000	0.0000						0.0000			wh_group_unit		vo_battle_special_all_generic_response	100.0000	0.0000				false	false	true	false				false	false	false	false	false			false	false	true	-1.0000	false	buff_self	1	false	1.0000		true					
nanu_unit_passive_stone	-1.0000	-1.0000	-1	0.0000	true	0	0	false	0.0000		false	false	false	0.0000	false	false	0.0000	true	80262453				0.0000	0.0000						0.0000			wh_group_unit		vo_battle_special_all_generic_response	100.0000	0.0000				false	false	true	false				false	false	false	false	false			false	false	true	-1.0000	false	buff_self	1	false	1.0000		true					
nanu_unit_passive_strength_of_the_great_bastion	-1.0000	-1.0000	-1	30.0000	true	-1	0	true	-1.0000		false	false	false	0.0000	false	false	0.0000	true	80262454				0.0000	0.0000	wh_abilities_generic_buff					0.0000					vo_battle_special_all_generic_response	50.0000	50.0000				false	false	true	false				false	false	false	false	false			false	false	true	-1.0000	false	buff_unit	3	false	1.0000		true					
nanu_unit_passive_swarm_of_rats	-1.0000	-1.0000	-1	35.0000	false	0	-1	true	0.0000		false	false	false	0.0000	false	false	0.0000	true	80262455				0.0000	0.0000	wh_abilities_generic_debuff					0.0000			wh2_main_spell_plague_vermintide	beasts_short	vo_battle_special_ability_spell_cast_negative	100.0000	0.0000				false	false	true	false		wh3_dlc24_incarnate_flock_of_doom		false	false	false	false	false			false	false	true	-1.0000	false	damage_aoe	3	false	1.0000		true					
nanu_unit_passive_tactical_mastery	-1.0000	-1.0000	-1	35.0000	true	-1	0	true	-1.0000		false	false	false	0.0000	false	false	0.0000	true	80262456				0.0000	0.0000	wh_abilities_generic_buff					0.0000					vo_battle_special_all_generic_response	50.0000	50.0000				false	false	true	false				false	false	false	false	false			false	false	true	-1.0000	false	buff_unit	3	false	1.0000		true					
nanu_unit_passive_tamed	-1.0000	-1.0000	-1	0.0000	true	0	0	false	0.0000		false	false	false	0.0000	false	false	0.0000	true	80262457				0.0000	0.0000						0.0000					vo_battle_special_all_generic_response	75.0000	0.0000				false	false	true	false				false	false	false	false	false			false	false	true	-1.0000	false	buff_self	1	false	1.0000		true					
nanu_unit_passive_terrifying_charge	15.0000	5.0000	-1	35.0000	true	1	-1	false	-1.0000		false	false	false	0.0000	false	false	0.0000	true	80262458				0.0000	0.0000	wh_abilities_generic_buff	wh_abilities_generic_buff				0.0000			wh_group_unit		vo_battle_special_ability_generic_response	100.0000	100.0000				false	false	true	false				false	false	false	false	false			false	false	true	-1.0000	false	buff_unit	3	false	1.0000		true					
nanu_unit_passive_terrifying_rampage	-1.0000	-1.0000	-1	0.0000	true	0	0	true	0.0000		false	false	false	0.0000	false	false	0.0000	true	80262459				0.0000	0.0000						0.0000			wh_group_unit		vo_battle_special_all_generic_response	75.0000	0.0000				false	false	true	false				false	false	false	false	false			false	false	true	-1.0000	false	buff_self	1	false	1.0000		true					
nanu_unit_passive_thornmail	-1.0000	-1.0000	-1	0.0000	true	0	0	false	0.0000		false	false	false	0.0000	false	false	0.0000	true	80262460				0.0000	0.0000						0.0000			wh_group_unit		vo_battle_special_all_generic_response	200.0000	0.0000				false	false	true	false				false	false	false	false	false			false	false	true	-1.0000	false	buff_self	1	false	1.0000		true					
nanu_unit_passive_thunderous_aura	3.0000	12.0000	-1	20.0000	true	0	0	false	15.0000		false	false	false	0.0000	false	false	0.0000	true	80262461	nanu_unit_passive_thunderous_aura			0.0000	0.0000	wh_spell_generic_bombardment	wh_spell_generic_bombardment				0.0000		aoe_bombardment	wh_group_magic_wand		vo_battle_special_ability_spell_cast_negative	0.0000	200.0000				false	false	true	false				false	false	false	false	false			false	false	true	-1.0000	false	damage_unit	1	false	1.0000		true					
nanu_unit_passive_thunderous_aura_greater	3.0000	30.0000	-1	30.0000	true	0	0	false	15.0000		false	false	false	30.0000	false	false	0.0000	true	80262462	nanu_unit_passive_thunderous_aura_greater			0.0000	0.0000	wh_spell_generic_bombardment	wh_spell_generic_bombardment				0.0000		aoe_bombardment	wh_group_magic_wand		vo_battle_special_ability_spell_cast_negative	0.0000	200.0000				false	false	true	false				false	false	false	false	false			false	false	true	-1.0000	false	damage_unit	1	false	1.0000		true					
nanu_unit_passive_undaunted	-1.0000	-1.0000	-1	0.0000	true	0	0	false	0.0000		false	false	false	0.0000	false	false	0.0000	true	80262463				0.0000	0.0000						0.0000					vo_battle_special_all_generic_response	75.0000	0.0000				false	false	true	false				false	false	false	false	false			false	false	true	-1.0000	false	buff_self	1	false	1.0000		true					
nanu_unit_passive_undying_tide	10.0000	60.0000	3	0.0000	true	0	0	false	0.0000		false	false	false	0.0000	false	false	0.0000	true	80262464				0.0000	0.0000	wh_abilities_generic_regeneration_no_ring					0.0000		healing	wh_group_dark_magic		vo_battle_special_all_generic_response	100.0000	100.0000				false	false	true	false				false	false	false	false	false			false	false	true	-1.0000	false	buff_self	1	false	1.0000		true					
nanu_unit_passive_unstable_winds	-1.0000	-1.0000	-1	100.0000	false	0	-1	true	-1.0000		true	true	false	100.0000	false	false	0.0000	true	80262465	nanu_unit_passive_unstable_winds			0.0000	0.0000	wh_abilities_generic_direct_damage	wh_abilities_generic_direct_damage				0.0000					vo_battle_special_ability_spell_cast_negative	50.0000	50.0000				false	false	true	false				false	false	false	false	false			false	false	true	-1.0000	false	buff_self	1	false	1.0000		true					
nanu_unit_passive_unstoppable_charge	15.0000	-1.0000	-1	35.0000	true	-1	0	true	-1.0000		false	false	false	0.0000	false	false	0.0000	true	80262466				0.0000	0.0000	wh_abilities_generic_buff	wh_abilities_generic_buff				0.0000			wh_group_unit		vo_battle_special_ability_generic_response	100.0000	100.0000				false	false	true	false				false	false	false	false	false			false	false	true	-1.0000	false	buff_unit	3	false	1.0000		true					
nanu_unit_passive_unstoppable_rampage	-1.0000	-1.0000	-1	0.0000	true	0	0	true	0.0000		false	false	false	0.0000	false	false	0.0000	true	80262467				0.0000	0.0000						0.0000			wh_group_unit		vo_battle_special_all_generic_response	75.0000	0.0000				false	false	true	false				false	false	false	false	false			false	false	true	-1.0000	false	buff_self	1	false	1.0000		true					
nanu_unit_passive_valiant_war_cry	22.0000	60.0000	-1	35.0000	true	4	0	false	-1.0000		false	false	false	0.0000	false	false	0.0000	true	80262468				0.0000	0.0000	wh_abilities_generic_buff	wh_abilities_generic_buff				0.0000			wh_group_unit		vo_battle_special_all_generic_response	100.0000	100.0000				false	false	true	false				false	false	false	false	false			false	false	true	-1.0000	false	buff_unit	3	false	1.0000		true					
nanu_unit_passive_vengeful_war_cry	22.0000	60.0000	-1	35.0000	true	4	0	false	-1.0000		false	false	false	0.0000	false	false	0.0000	true	80262469				0.0000	0.0000	wh_abilities_generic_buff	wh_abilities_generic_buff				0.0000			wh_group_unit		vo_battle_special_all_generic_response	100.0000	100.0000				false	false	true	false				false	false	false	false	false			false	false	true	-1.0000	false	buff_unit	3	false	1.0000		true					
nanu_unit_passive_vicious_war_cry	22.0000	60.0000	-1	35.0000	true	4	0	false	-1.0000		false	false	false	0.0000	false	false	0.0000	true	80262470				0.0000	0.0000	wh_abilities_generic_buff	wh_abilities_generic_buff				0.0000			wh_group_unit		vo_battle_special_all_generic_response	100.0000	100.0000				false	false	true	false				false	false	false	false	false			false	false	true	-1.0000	false	buff_unit	3	false	1.0000		true					
nanu_unit_passive_violent_war_cry	22.0000	60.0000	-1	35.0000	true	4	0	false	-1.0000		false	false	false	0.0000	false	false	0.0000	true	80262471				0.0000	0.0000	wh_abilities_generic_buff	wh_abilities_generic_buff				0.0000			wh_group_unit		vo_battle_special_all_generic_response	100.0000	100.0000				false	false	true	false				false	false	false	false	false			false	false	true	-1.0000	false	buff_unit	3	false	1.0000		true					
nanu_unit_passive_waaagh	18.0000	42.0000	-1	-1.0000	false	-1	0	false	-1.0000		false	false	false	0.0000	false	false	0.0000	true	80262472				0.0000	0.0000						0.0000			wh_group_waaagh		vo_battle_special_all_generic_response	150.0000	0.0000				false	false	true	false				false	false	false	false	true		waaagh	false	false	true	-1.0000	false	buff_unit	1	false	1.0000	UI_BAT_SABL_Waaagh_Bar_Refill	true					
nanu_unit_passive_warp_storm_aura	1.0000	1.0000	-1	20.0000	true	0	0	false	13.0000		false	false	false	20.0000	false	false	0.0000	true	80262473	nanu_unit_passive_warp_storm_aura			0.0000	0.0000	wh_spell_generic_bombardment	wh_spell_generic_bombardment				0.0000		aoe_bombardment	wh2_main_spell_ruin_warp_lightning_upgraded		vo_battle_special_ability_spell_cast_negative	0.0000	260.0000				false	false	true	false				false	false	false	false	false			false	false	true	-1.0000	false	damage_unit	1	false	1.0000		true					
nanu_unit_passive_withering_heat	-1.0000	-1.0000	-1	35.0000	false	0	-1	true	-1.0000		false	false	false	0.0000	false	false	0.0000	true	80262474				0.0000	0.0000	wh_abilities_generic_debuff					0.0000					vo_battle_special_ability_spell_cast_negative	0.0000	200.0000				false	false	true	false				false	false	false	false	false			false	false	true	-1.0000	false	debuff_unit	3	false	1.0000		true					
