effect	icon	priority	icon_negative	category	is_positive_value_good
#effects_tables;0;db/effects_tables/nanu_dynamic_rors					
nanu_ammo_type_anti_infantry	bonus_vs_small.png	999	bonus_vs_small.png	battle	true
nanu_ammo_type_anti_infantry_arcane_fire	bonus_vs_small.png	999	bonus_vs_small.png	battle	true
nanu_ammo_type_anti_infantry_flaming	bonus_vs_small.png	999	bonus_vs_small.png	battle	true
nanu_ammo_type_anti_infantry_frozen	bonus_vs_small.png	999	bonus_vs_small.png	battle	true
nanu_ammo_type_anti_infantry_lightning	bonus_vs_small.png	999	bonus_vs_small.png	battle	true
nanu_ammo_type_anti_infantry_magic	bonus_vs_small.png	999	bonus_vs_small.png	battle	true
nanu_ammo_type_anti_infantry_poison	bonus_vs_small.png	999	bonus_vs_small.png	battle	true
nanu_ammo_type_anti_large	bonus_vs_large.png	999	bonus_vs_large.png	battle	true
nanu_ammo_type_anti_large_arcane_fire	bonus_vs_large.png	999	bonus_vs_large.png	battle	true
nanu_ammo_type_anti_large_flaming	bonus_vs_large.png	999	bonus_vs_large.png	battle	true
nanu_ammo_type_anti_large_frozen	bonus_vs_large.png	999	bonus_vs_large.png	battle	true
nanu_ammo_type_anti_large_lightning	bonus_vs_large.png	999	bonus_vs_large.png	battle	true
nanu_ammo_type_anti_large_magic	bonus_vs_large.png	999	bonus_vs_large.png	battle	true
nanu_ammo_type_anti_large_poison	bonus_vs_large.png	999	bonus_vs_large.png	battle	true
nanu_ammo_type_arcane_fire	ranged_damage.png	999	ranged_damage.png	battle	true
nanu_ammo_type_explosive	ranged_damage.png	999	ranged_damage.png	battle	true
nanu_ammo_type_explosive_arcane_fire	ranged_damage.png	999	ranged_damage.png	battle	true
nanu_ammo_type_explosive_flaming	ranged_damage.png	999	ranged_damage.png	battle	true
nanu_ammo_type_explosive_frozen	ranged_damage.png	999	ranged_damage.png	battle	true
nanu_ammo_type_explosive_lightning	ranged_damage.png	999	ranged_damage.png	battle	true
nanu_ammo_type_explosive_magic	ranged_damage.png	999	ranged_damage.png	battle	true
nanu_ammo_type_explosive_poison	ranged_damage.png	999	ranged_damage.png	battle	true
nanu_ammo_type_flaming	ranged_damage.png	999	ranged_damage.png	battle	true
nanu_ammo_type_frozen	ranged_damage.png	999	ranged_damage.png	battle	true
nanu_ammo_type_lightning	ranged_damage.png	999	ranged_damage.png	battle	true
nanu_ammo_type_magic	ranged_damage.png	999	ranged_damage.png	battle	true
nanu_ammo_type_multi	ranged_damage.png	999	ranged_damage.png	battle	true
nanu_ammo_type_multi_arcane_fire	ranged_damage.png	999	ranged_damage.png	battle	true
nanu_ammo_type_multi_flaming	ranged_damage.png	999	ranged_damage.png	battle	true
nanu_ammo_type_multi_frozen	ranged_damage.png	999	ranged_damage.png	battle	true
nanu_ammo_type_multi_lightning	ranged_damage.png	999	ranged_damage.png	battle	true
nanu_ammo_type_multi_magic	ranged_damage.png	999	ranged_damage.png	battle	true
nanu_ammo_type_multi_poison	ranged_damage.png	999	ranged_damage.png	battle	true
nanu_ammo_type_poison	ranged_damage.png	999	ranged_damage.png	battle	true
nanu_ammo_type_seeking	ranged_damage.png	999	ranged_damage.png	battle	true
nanu_ammo_type_seeking_arcane_fire	ranged_damage.png	999	ranged_damage.png	battle	true
nanu_ammo_type_seeking_flaming	ranged_damage.png	999	ranged_damage.png	battle	true
nanu_ammo_type_seeking_frozen	ranged_damage.png	999	ranged_damage.png	battle	true
nanu_ammo_type_seeking_lightning	ranged_damage.png	999	ranged_damage.png	battle	true
nanu_ammo_type_seeking_magic	ranged_damage.png	999	ranged_damage.png	battle	true
nanu_ammo_type_seeking_poison	ranged_damage.png	999	ranged_damage.png	battle	true
nanu_attribute_cause_fear_vs_bretonnia	attribute_causes_fear.png	1002	attribute_causes_fear.png	battle	true
nanu_attribute_cause_fear_vs_elves	attribute_causes_fear.png	1003	attribute_causes_fear.png	battle	true
nanu_attribute_cause_fear_vs_forces_of_order	attribute_causes_fear.png	1003	attribute_causes_fear.png	battle	true
nanu_attribute_cause_terror_vs_bst	attribute_causes_terror.png	1002	attribute_causes_terror.png	battle	true
nanu_attribute_cause_terror_vs_elves	attribute_causes_terror.png	1003	attribute_causes_terror.png	battle	true
nanu_attribute_cause_terror_vs_empire	attribute_causes_terror.png	1003	attribute_causes_terror.png	battle	true
nanu_attribute_cause_terror_vs_forces_of_destruction	attribute_causes_terror.png	1002	attribute_causes_terror.png	battle	true
nanu_attribute_cause_terror_vs_forces_of_order	attribute_causes_terror.png	1003	attribute_causes_terror.png	battle	true
nanu_attribute_cause_terror_vs_hef	attribute_causes_terror.png	1002	attribute_causes_terror.png	battle	true
nanu_attribute_cause_terror_vs_human	attribute_causes_terror.png	1002	attribute_causes_terror.png	battle	true
nanu_attribute_cause_terror_vs_khorne	attribute_causes_terror.png	1002	attribute_causes_terror.png	battle	true
nanu_attribute_cause_terror_vs_lzd	attribute_causes_terror.png	1002	attribute_causes_terror.png	battle	true
nanu_attribute_cause_terror_vs_slaanesh	attribute_causes_terror.png	1002	attribute_causes_terror.png	battle	true
nanu_attribute_cause_terror_vs_wef	attribute_causes_terror.png	1002	attribute_causes_terror.png	battle	true
nanu_attribute_enable_cause_terror_vs_cth	attribute_causes_terror.png	1003	attribute_causes_terror.png	battle	true
nanu_attribute_enable_cause_terror_vs_ogr	attribute_causes_terror.png	1003	attribute_causes_terror.png	battle	true
nanu_attribute_enable_encourage	attribute_encourages.png	4	attribute_encourages.png	battle	true
nanu_attribute_enable_flanking_immune	attribute_flanking_immune.png	4	attribute_flanking_immune.png	battle	true
nanu_attribute_enable_glorious_charge	attribute_glorious_charge.png	4	attribute_glorious_charge.png	battle	true
nanu_attribute_enable_knight	attribute_knight.png	320	attribute_knight.png	both	true
nanu_attribute_enable_ogre_charge	charge.png	4	charge.png	battle	true
nanu_attribute_immPsy_vs_chaos	attribute_immune_to_psychology.png	1003	attribute_immune_to_psychology.png	battle	true
nanu_attribute_immPsy_vs_forces_of_destruction	attribute_immune_to_psychology.png	1002	attribute_immune_to_psychology.png	battle	true
nanu_attribute_immPsy_vs_khorne	attribute_immune_to_psychology.png	1003	attribute_immune_to_psychology.png	battle	true
nanu_attribute_immPsy_vs_lizardmen	attribute_immune_to_psychology.png	1002	attribute_immune_to_psychology.png	battle	true
nanu_attribute_immPsy_vs_nurgle	attribute_immune_to_psychology.png	1002	attribute_immune_to_psychology.png	battle	true
nanu_attribute_immPsy_vs_slaanesh	attribute_immune_to_psychology.png	1002	attribute_immune_to_psychology.png	battle	true
nanu_attribute_immPsy_vs_undead	attribute_immune_to_psychology.png	1002	attribute_immune_to_psychology.png	battle	true
nanu_attribute_unbreakable_vs_chaos	attribute_unbreakable.png	1002	attribute_unbreakable.png	battle	true
nanu_attribute_unbreakable_vs_forces_of_destruction	attribute_unbreakable.png	1002	attribute_unbreakable.png	battle	true
nanu_attribute_unbreakable_vs_greenskins	attribute_unbreakable.png	1002	attribute_unbreakable.png	battle	true
nanu_attribute_unbreakable_vs_khorne	attribute_unbreakable.png	1002	attribute_unbreakable.png	battle	true
nanu_attribute_unbreakable_vs_nurgle	attribute_unbreakable.png	1002	attribute_unbreakable.png	battle	true
nanu_attribute_unbreakable_vs_slaanesh	attribute_unbreakable.png	1002	attribute_unbreakable.png	battle	true
nanu_attribute_unbreakable_vs_undead	attribute_unbreakable.png	1002	attribute_unbreakable.png	battle	true
nanu_context_armoured	context_armoured.png	1	context_armoured.png	battle	true
nanu_context_armoured_ally	context_armoured.png	1	context_armoured.png	battle	true
nanu_context_armoured_enemy	context_armoured.png	1	context_armoured.png	battle	true
nanu_context_basic	context_basic.png	1	context_basic.png	battle	true
nanu_context_beastmen	context_beastmen.png	1	context_beastmen.png	battle	true
nanu_context_beastmen_ally	context_beastmen.png	1	context_beastmen.png	battle	true
nanu_context_beastmen_enemy	context_beastmen.png	1	context_beastmen.png	battle	true
nanu_context_bretonnia	context_bretonnia.png	1	context_bretonnia.png	battle	true
nanu_context_bretonnia_ally	context_bretonnia.png	1	context_bretonnia.png	battle	true
nanu_context_bretonnia_enemy	context_bretonnia.png	1	context_bretonnia.png	battle	true
nanu_context_cathay	context_cathay.png	1	context_cathay.png	battle	true
nanu_context_cathay_ally	context_cathay.png	1	context_cathay.png	battle	true
nanu_context_cathay_enemy	context_cathay.png	1	context_cathay.png	battle	true
nanu_context_chaos	context_chaos.png	1	context_chaos.png	battle	true
nanu_context_chaos_ally	context_chaos.png	1	context_chaos.png	battle	true
nanu_context_chaos_enemy	context_chaos.png	1	context_chaos.png	battle	true
nanu_context_chorfs	context_chorfs.png	1	context_chorfs.png	battle	true
nanu_context_chorfs_ally	context_chorfs.png	1	context_chorfs.png	battle	true
nanu_context_chorfs_enemy	context_chorfs.png	1	context_chorfs.png	battle	true
nanu_context_climate_chaotic_wasteland	climate_chaotic_wasteland.png	1	climate_chaotic_wasteland.png	battle	true
nanu_context_climate_desert	climate_desert.png	1	climate_desert.png	battle	true
nanu_context_climate_frozen	climate_frozen.png	1	climate_frozen.png	battle	true
nanu_context_climate_jungle	climate_jungle.png	1	climate_jungle.png	battle	true
nanu_context_climate_magical_forest	climate_magical_forest.png	1	climate_magical_forest.png	battle	true
nanu_context_climate_mountain	climate_mountain.png	1	climate_mountain.png	battle	true
nanu_context_climate_ocean	climate_ocean.png	1	climate_ocean.png	battle	true
nanu_context_climate_savannah	climate_savannah.png	1	climate_savannah.png	battle	true
nanu_context_climate_temperate	climate_temperate.png	1	climate_temperate.png	battle	true
nanu_context_climate_temperate_island	climate_temperate_island.png	1	climate_temperate_island.png	battle	true
nanu_context_climate_wasteland	climate_wasteland.png	1	climate_wasteland.png	battle	true
nanu_context_dark_elf	context_dark_elf.png	1	context_dark_elf.png	battle	true
nanu_context_dark_elf_ally	context_dark_elf.png	1	context_dark_elf.png	battle	true
nanu_context_dark_elf_enemy	context_dark_elf.png	1	context_dark_elf.png	battle	true
nanu_context_dwarf	context_dwarf.png	1	context_dwarf.png	battle	true
nanu_context_dwarf_ally	context_dwarf.png	1	context_dwarf.png	battle	true
nanu_context_dwarf_enemy	context_dwarf.png	1	context_dwarf.png	battle	true
nanu_context_elven	context_elven.png	1	context_elven.png	battle	true
nanu_context_elven_ally	context_elven.png	1	context_elven.png	battle	true
nanu_context_elven_enemy	context_elven.png	1	context_elven.png	battle	true
nanu_context_empire	context_empire.png	1	context_empire.png	battle	true
nanu_context_empire_ally	context_empire.png	1	context_empire.png	battle	true
nanu_context_empire_enemy	context_empire.png	1	context_empire.png	battle	true
nanu_context_forces_of_destruction	context_destruction.png	1	context_destruction.png	battle	true
nanu_context_forces_of_destruction_ally	context_destruction.png	1	context_destruction.png	battle	true
nanu_context_forces_of_destruction_enemy	context_destruction.png	1	context_destruction.png	battle	true
nanu_context_forces_of_order	context_order.png	1	context_order.png	battle	true
nanu_context_forces_of_order_ally	context_order.png	1	context_order.png	battle	true
nanu_context_forces_of_order_enemy	context_order.png	1	context_order.png	battle	true
nanu_context_greenskin	context_greenskin.png	1	context_greenskin.png	battle	true
nanu_context_greenskin_ally	context_greenskin.png	1	context_greenskin.png	battle	true
nanu_context_greenskin_enemy	context_greenskin.png	1	context_greenskin.png	battle	true
nanu_context_high_elf	context_high_elf.png	1	context_high_elf.png	battle	true
nanu_context_high_elf_ally	context_high_elf.png	1	context_high_elf.png	battle	true
nanu_context_high_elf_enemy	context_high_elf.png	1	context_high_elf.png	battle	true
nanu_context_human	context_human.png	1	context_human.png	battle	true
nanu_context_human_ally	context_human.png	1	context_human.png	battle	true
nanu_context_human_enemy	context_human.png	1	context_human.png	battle	true
nanu_context_khorne	context_khorne.png	1	context_khorne.png	battle	true
nanu_context_khorne_ally	context_khorne.png	1	context_khorne.png	battle	true
nanu_context_khorne_enemy	context_khorne.png	1	context_khorne.png	battle	true
nanu_context_kislev	context_kislev.png	1	context_kislev.png	battle	true
nanu_context_kislev_ally	context_kislev.png	1	context_kislev.png	battle	true
nanu_context_kislev_enemy	context_kislev.png	1	context_kislev.png	battle	true
nanu_context_knight	context_knight.png	1	context_knight.png	battle	true
nanu_context_knight_ally	context_knight.png	1	context_knight.png	battle	true
nanu_context_knight_enemy	context_knight.png	1	context_knight.png	battle	true
nanu_context_lizardmen	context_lizardmen.png	1	context_lizardmen.png	battle	true
nanu_context_lizardmen_ally	context_lizardmen.png	1	context_lizardmen.png	battle	true
nanu_context_lizardmen_enemy	context_lizardmen.png	1	context_lizardmen.png	battle	true
nanu_context_magic	context_magic.png	1	context_magic.png	battle	true
nanu_context_magic_ally	context_magic.png	1	context_magic.png	battle	true
nanu_context_magic_enemy	context_magic.png	1	context_magic.png	battle	true
nanu_context_monstrous	context_monstrous.png	1	context_monstrous.png	battle	true
nanu_context_monstrous_ally	context_monstrous.png	1	context_monstrous.png	battle	true
nanu_context_monstrous_enemy	context_monstrous.png	1	context_monstrous.png	battle	true
nanu_context_norsca	context_norsca.png	1	context_norsca.png	battle	true
nanu_context_norsca_ally	context_norsca.png	1	context_norsca.png	battle	true
nanu_context_norsca_enemy	context_norsca.png	1	context_norsca.png	battle	true
nanu_context_nurgle	context_nurgle.png	1	context_nurgle.png	battle	true
nanu_context_nurgle_ally	context_nurgle.png	1	context_nurgle.png	battle	true
nanu_context_nurgle_enemy	context_nurgle.png	1	context_nurgle.png	battle	true
nanu_context_ogre	context_ogre.png	1	context_ogre.png	battle	true
nanu_context_ogre_ally	context_ogre.png	1	context_ogre.png	battle	true
nanu_context_ogre_enemy	context_ogre.png	1	context_ogre.png	battle	true
nanu_context_plague	context_plague.png	1	context_plague.png	battle	true
nanu_context_plague_ally	context_plague.png	1	context_plague.png	battle	true
nanu_context_plague_enemy	context_plague.png	1	context_plague.png	battle	true
nanu_context_skaven	context_skaven.png	1	context_skaven.png	battle	true
nanu_context_skaven_ally	context_skaven.png	1	context_skaven.png	battle	true
nanu_context_skaven_enemy	context_skaven.png	1	context_skaven.png	battle	true
nanu_context_slaanesh	context_slaanesh.png	1	context_slaanesh.png	battle	true
nanu_context_slaanesh_ally	context_slaanesh.png	1	context_slaanesh.png	battle	true
nanu_context_slaanesh_enemy	context_slaanesh.png	1	context_slaanesh.png	battle	true
nanu_context_tomb_king	context_tomb_king.png	1	context_tomb_king.png	battle	true
nanu_context_tomb_king_ally	context_tomb_king.png	1	context_tomb_king.png	battle	true
nanu_context_tomb_king_enemy	context_tomb_king.png	1	context_tomb_king.png	battle	true
nanu_context_tzeentch	context_tzeentch.png	1	context_tzeentch.png	battle	true
nanu_context_tzeentch_ally	context_tzeentch.png	1	context_tzeentch.png	battle	true
nanu_context_tzeentch_enemy	context_tzeentch.png	1	context_tzeentch.png	battle	true
nanu_context_undead	context_undead.png	1	context_undead.png	battle	true
nanu_context_undead_ally	context_undead.png	1	context_undead.png	battle	true
nanu_context_undead_enemy	context_undead.png	1	context_undead.png	battle	true
nanu_context_vampire_coast	context_vampire_coast.png	1	context_vampire_coast.png	battle	true
nanu_context_vampire_coast_ally	context_vampire_coast.png	1	context_vampire_coast.png	battle	true
nanu_context_vampire_coast_enemy	context_vampire_coast.png	1	context_vampire_coast.png	battle	true
nanu_context_vampire_counts	context_vampire_counts.png	1	context_vampire_counts.png	battle	true
nanu_context_vampire_counts_ally	context_vampire_counts.png	1	context_vampire_counts.png	battle	true
nanu_context_vampire_counts_enemy	context_vampire_counts.png	1	context_vampire_counts.png	battle	true
nanu_context_wood_elf	context_wood_elf.png	1	context_wood_elf.png	battle	true
nanu_context_wood_elf_ally	context_wood_elf.png	1	context_wood_elf.png	battle	true
nanu_context_wood_elf_enemy	context_wood_elf.png	1	context_wood_elf.png	battle	true
nanu_dummy_ammo_type_anti_infantry	bonus_vs_small.png	999	bonus_vs_small.png	campaign	true
nanu_dummy_ammo_type_anti_infantry_arcane_fire	bonus_vs_small.png	999	bonus_vs_small.png	campaign	true
nanu_dummy_ammo_type_anti_infantry_flaming	bonus_vs_small.png	999	bonus_vs_small.png	campaign	true
nanu_dummy_ammo_type_anti_infantry_frozen	ranged_damage.png	999	ranged_damage.png	campaign	true
nanu_dummy_ammo_type_anti_infantry_lightning	ranged_damage.png	999	ranged_damage.png	campaign	true
nanu_dummy_ammo_type_anti_infantry_magic	bonus_vs_small.png	999	bonus_vs_small.png	campaign	true
nanu_dummy_ammo_type_anti_infantry_poison	bonus_vs_small.png	999	bonus_vs_small.png	campaign	true
nanu_dummy_ammo_type_anti_large	bonus_vs_large.png	999	bonus_vs_large.png	campaign	true
nanu_dummy_ammo_type_anti_large_arcane_fire	bonus_vs_large.png	999	bonus_vs_large.png	campaign	true
nanu_dummy_ammo_type_anti_large_flaming	bonus_vs_large.png	999	bonus_vs_large.png	campaign	true
nanu_dummy_ammo_type_anti_large_frozen	ranged_damage.png	999	ranged_damage.png	campaign	true
nanu_dummy_ammo_type_anti_large_lightning	ranged_damage.png	999	ranged_damage.png	campaign	true
nanu_dummy_ammo_type_anti_large_magic	bonus_vs_large.png	999	bonus_vs_large.png	campaign	true
nanu_dummy_ammo_type_anti_large_poison	bonus_vs_large.png	999	bonus_vs_large.png	campaign	true
nanu_dummy_ammo_type_arcane_fire	ranged_damage.png	999	ranged_damage.png	campaign	true
nanu_dummy_ammo_type_explosive	ranged_damage.png	999	ranged_damage.png	campaign	true
nanu_dummy_ammo_type_explosive_arcane_fire	ranged_damage.png	999	ranged_damage.png	campaign	true
nanu_dummy_ammo_type_explosive_flaming	ranged_damage.png	999	ranged_damage.png	campaign	true
nanu_dummy_ammo_type_explosive_frozen	ranged_damage.png	999	ranged_damage.png	campaign	true
nanu_dummy_ammo_type_explosive_lightning	ranged_damage.png	999	ranged_damage.png	campaign	true
nanu_dummy_ammo_type_explosive_magic	ranged_damage.png	999	ranged_damage.png	campaign	true
nanu_dummy_ammo_type_explosive_poison	ranged_damage.png	999	ranged_damage.png	campaign	true
nanu_dummy_ammo_type_flaming	ranged_damage.png	999	ranged_damage.png	campaign	true
nanu_dummy_ammo_type_frozen	ranged_damage.png	999	ranged_damage.png	campaign	true
nanu_dummy_ammo_type_lightning	ranged_damage.png	999	ranged_damage.png	campaign	true
nanu_dummy_ammo_type_magic	ranged_damage.png	999	ranged_damage.png	campaign	true
nanu_dummy_ammo_type_multi	ranged_damage.png	999	ranged_damage.png	campaign	true
nanu_dummy_ammo_type_multi_arcane_fire	ranged_damage.png	999	ranged_damage.png	campaign	true
nanu_dummy_ammo_type_multi_flaming	ranged_damage.png	999	ranged_damage.png	campaign	true
nanu_dummy_ammo_type_multi_frozen	ranged_damage.png	999	ranged_damage.png	campaign	true
nanu_dummy_ammo_type_multi_lightning	ranged_damage.png	999	ranged_damage.png	campaign	true
nanu_dummy_ammo_type_multi_magic	ranged_damage.png	999	ranged_damage.png	campaign	true
nanu_dummy_ammo_type_multi_poison	ranged_damage.png	999	ranged_damage.png	campaign	true
nanu_dummy_ammo_type_poison	ranged_damage.png	999	ranged_damage.png	campaign	true
nanu_dummy_ammo_type_seeking	ranged_damage.png	999	ranged_damage.png	battle	true
nanu_dummy_ammo_type_seeking_arcane_fire	ranged_damage.png	999	ranged_damage.png	battle	true
nanu_dummy_ammo_type_seeking_flaming	ranged_damage.png	999	ranged_damage.png	battle	true
nanu_dummy_ammo_type_seeking_frozen	ranged_damage.png	999	ranged_damage.png	battle	true
nanu_dummy_ammo_type_seeking_lightning	ranged_damage.png	999	ranged_damage.png	battle	true
nanu_dummy_ammo_type_seeking_magic	ranged_damage.png	999	ranged_damage.png	battle	true
nanu_dummy_ammo_type_seeking_poison	ranged_damage.png	999	ranged_damage.png	battle	true
nanu_kislev_winter_attrition_immunity	attrition.png	999	attrition.png	battle	true
nanu_missile_damage_vs_tzeentch	ranged_damage.png	1003	ranged_damage.png	battle	true
nanu_ranged_naphtha_shot	ranged_damage.png	620	ranged_damage.png	battle	true
nanu_stat_bonus_vs_infantry_hidden	bonus_vs_small.png	0	bonus_vs_small.png	both	true
nanu_stat_bonus_vs_large_hidden	bonus_vs_large.png	0	bonus_vs_large.png	both	true
nanu_stat_melee_attack_versus_grn_skv_lzd	melee.png	1001	melee.png	campaign	true
nanu_stat_melee_attack_vs_empire_and_bretonnia	melee.png	1003	melee.png	battle	true
nanu_stat_melee_attack_vs_kislev	melee.png	1003	melee.png	campaign	true
nanu_stat_melee_attack_vs_order	melee.png	1003	melee.png	battle	true
nanu_stat_melee_damage_ap_add	armour_piercing.png	5	armour_piercing.png	battle	true
nanu_stat_melee_damage_ap_mult	armour_piercing.png	5	armour_piercing.png	battle	true
nanu_stat_melee_damage_base_add	icon_stat_damage_base_force.png	5	icon_stat_damage_base_force.png	battle	true
nanu_stat_melee_damage_base_mult	icon_stat_damage_base_force.png	5	icon_stat_damage_base_force.png	battle	true
nanu_stat_melee_damage_mult	weapon_damage.png	5	armour_piercing.png	battle	true
nanu_stat_melee_damage_vs_bretonnia	weapon_damage.png	1003	weapon_damage.png	battle	true
nanu_stat_melee_damage_vs_empire	weapon_damage.png	1003	weapon_damage.png	battle	true
nanu_stat_melee_damage_vs_forces_of_evil	weapon_damage.png	5	armour_piercing.png	battle	true
nanu_stat_melee_damage_vs_kislev	weapon_damage.png	1003	weapon_damage.png	battle	true
nanu_stat_melee_damage_vs_wood_elves	weapon_damage.png	999	weapon_damage.png	battle	true
nanu_stat_melee_defence_vs_kislev	defence.png	1003	defence.png	battle	true
nanu_stat_melee_defence_vs_lizardmen	defence.png	1003	defence.png	battle	true
nanu_stat_melee_defence_vs_nurgle	defence.png	1003	defence.png	battle	true
nanu_stat_melee_defence_vs_ogres	defence.png	1003	defence.png	battle	true
nanu_stat_melee_defence_vs_slaanesh	defence.png	1003	defence.png	battle	true
nanu_stat_melee_defense_vs_bretonnia_enemies	defence.png	431	defence.png	battle	true
nanu_stat_missile_damage_ap_add	armour_piercing.png	5	ranged_damage.png	battle	true
nanu_stat_missile_damage_ap_mult	armour_piercing.png	5	ranged_damage.png	battle	true
nanu_stat_missile_damage_base_add	ranged_damage.png	5	ranged_damage.png	battle	true
nanu_stat_missile_damage_base_mult	ranged_damage.png	5	ranged_damage.png	battle	true
nanu_stat_missile_damage_mult	ranged_damage.png	5	ranged_damage.png	battle	true
nanu_stat_missile_damage_vs_bretonnia	ranged_damage.png	999	ranged_damage.png	battle	true
nanu_stat_missile_damage_vs_chaos	ranged_damage.png	1003	ranged_damage.png	battle	true
nanu_stat_missile_damage_vs_dark_elves	ranged_damage.png	999	ranged_damage.png	battle	true
nanu_stat_missile_damage_vs_dwarfs	ranged_damage.png	1003	ranged_damage.png	battle	true
nanu_stat_missile_damage_vs_elves	ranged_damage.png	999	ranged_damage.png	battle	true
nanu_stat_missile_damage_vs_empire	ranged_damage.png	1003	ranged_damage.png	battle	true
nanu_stat_missile_damage_vs_forces_of_destruction	ranged_damage.png	620	ranged_damage.png	battle	true
nanu_stat_missile_damage_vs_forces_of_evil	ranged_damage.png	620	ranged_damage.png	battle	true
nanu_stat_missile_damage_vs_forces_of_order	ranged_damage.png	1003	ranged_damage.png	battle	true
nanu_stat_missile_damage_vs_greenskins	ranged_damage.png	999	ranged_damage.png	battle	true
nanu_stat_missile_damage_vs_greenskins_skaven_ogres	ranged_damage.png	1003	ranged_damage.png	battle	true
nanu_stat_missile_damage_vs_high_elves	ranged_damage.png	999	ranged_damage.png	battle	true
nanu_stat_missile_damage_vs_human	ranged_damage.png	620	ranged_damage.png	battle	true
nanu_stat_missile_damage_vs_khorne	ranged_damage.png	1003	ranged_damage.png	battle	true
nanu_stat_missile_damage_vs_kislev	ranged_damage.png	1003	ranged_damage.png	battle	true
nanu_stat_missile_damage_vs_lizardmen	ranged_damage.png	1003	ranged_damage.png	battle	true
nanu_stat_missile_damage_vs_nurgle	ranged_damage.png	1003	ranged_damage.png	battle	true
nanu_stat_missile_damage_vs_ogres	ranged_damage.png	1003	ranged_damage.png	battle	true
nanu_stat_missile_damage_vs_skaven	ranged_damage.png	999	ranged_damage.png	battle	true
nanu_stat_missile_damage_vs_slaanesh	ranged_damage.png	1003	ranged_damage.png	battle	true
nanu_stat_missile_damage_vs_tomb_kings	ranged_damage.png	999	ranged_damage.png	battle	true
nanu_stat_missile_damage_vs_undead	ranged_damage.png	999	ranged_damage.png	campaign	true
nanu_stat_missile_damage_vs_vampire_counts	ranged_damage.png	1003	ranged_damage.png	battle	true
nanu_stat_missile_damage_vs_wood_elves	ranged_damage.png	999	ranged_damage.png	battle	true
nanu_stat_missile_resistance_vs_dwarfs	resistance_missile.png	1003	resistance_missile.png	battle	true
nanu_stat_missile_resistance_vs_high_elves	resistance_missile.png	1003	resistance_missile.png	battle	true
nanu_stat_missile_resistance_vs_kislev	resistance_missile.png	1003	resistance_missile.png	battle	true
nanu_stat_missile_resistance_vs_vampire_coast	resistance_missile.png	1003	resistance_missile.png	battle	true
nanu_stat_physical_resistance_climate_frozen	resistance_physical.png	23	resistance_physical.png	battle	true
nanu_stat_physical_resistance_climate_mountain_hills	resistance_physical.png	23	resistance_physical.png	battle	true
nanu_stat_physical_resistance_climate_ocean	resistance_physical.png	23	resistance_physical.png	battle	true
nanu_stat_reload_vs_chaos	icon_stat_reload_time_force.png	1003	icon_stat_reload_time_force.png	battle	true
nanu_stat_reload_vs_khorne	icon_stat_reload_time_force.png	1003	icon_stat_reload_time_force.png	battle	true
nanu_stat_reload_vs_nurgle	icon_stat_reload_time_force.png	1003	icon_stat_reload_time_force.png	battle	true
nanu_stat_reload_vs_slaanesh	icon_stat_reload_time_force.png	1003	icon_stat_reload_time_force.png	battle	true
nanu_stat_ward_save_vs_bretonnia	resistance_ward_save.png	1003	resistance_ward_save.png	battle	true
nanu_stat_ward_save_vs_force_of_order	resistance_ward_save.png	1003	resistance_ward_save.png	battle	true
nanu_stat_ward_save_vs_lizardmen	resistance_ward_save.png	1003	resistance_ward_save.png	battle	true
nanu_stat_ward_save_vs_nurgle	resistance_ward_save.png	1003	resistance_ward_save.png	battle	true
nanu_stat_ward_save_vs_undead	resistance_ward_save.png	1003	resistance_ward_save.png	battle	true
nanu_unit_ability_acquiescence_disable	general_ability.png	2	general_ability.png	battle	true
nanu_unit_ability_arcane_blast	general_ability.png	3	general_ability.png	battle	true
nanu_unit_ability_ash_storm	general_ability.png	2	general_ability.png	battle	true
nanu_unit_ability_biting_wind	general_ability.png	3	general_ability.png	battle	true
nanu_unit_ability_blade_of_khorne	general_ability.png	3	general_ability.png	battle	true
nanu_unit_ability_blightboil_self	general_ability.png	3	general_ability.png	battle	true
nanu_unit_ability_blizzard	general_ability.png	3	general_ability.png	battle	true
nanu_unit_ability_blood_frenzy	general_ability.png	2	general_ability.png	battle	true
nanu_unit_ability_blue_fire_of_tzeentch_disable	general_ability.png	2	general_ability.png	battle	true
nanu_unit_ability_blue_fire_of_tzeentch_num_uses	general_ability.png	3	general_ability.png	battle	true
nanu_unit_ability_bonecrusher	general_ability.png	2	general_ability.png	battle	true
nanu_unit_ability_bound_soulblight	general_ability.png	2	general_ability.png	battle	true
nanu_unit_ability_bound_soulblight_num_uses_hidden	general_ability.png	0	general_ability.png	battle	true
nanu_unit_ability_bullgorger	general_ability.png	2	general_ability.png	battle	true
nanu_unit_ability_burning_alignment	general_ability.png	1	general_ability.png	battle	true
nanu_unit_ability_burning_head	general_ability.png	3	general_ability.png	battle	true
nanu_unit_ability_construct_killer	general_ability.png	3	general_ability.png	battle	true
nanu_unit_ability_daemon_slayer	general_ability.png	2	general_ability.png	battle	true
nanu_unit_ability_death_explosion_arcane_medium	general_ability.png	1	general_ability.png	battle	true
nanu_unit_ability_death_explosion_arcane_small	general_ability.png	1	general_ability.png	battle	true
nanu_unit_ability_death_explosion_daemonic_wrath_large	general_ability.png	1	general_ability.png	battle	true
nanu_unit_ability_death_explosion_daemonic_wrath_small	general_ability.png	1	general_ability.png	battle	true
nanu_unit_ability_death_explosion_flaming_large	general_ability.png	1	general_ability.png	battle	true
nanu_unit_ability_death_explosion_flaming_medium	general_ability.png	1	general_ability.png	battle	true
nanu_unit_ability_death_explosion_flaming_small	general_ability.png	1	general_ability.png	battle	true
nanu_unit_ability_death_explosion_frozen_tempest	general_ability.png	1	general_ability.png	battle	true
nanu_unit_ability_death_explosion_gaseous_large	general_ability.png	1	general_ability.png	battle	true
nanu_unit_ability_death_explosion_gaseous_medium	general_ability.png	1	general_ability.png	battle	true
nanu_unit_ability_death_explosion_gaseous_small	general_ability.png	1	general_ability.png	battle	true
nanu_unit_ability_death_explosion_holy_fire	general_ability.png	1	general_ability.png	battle	true
nanu_unit_ability_death_explosion_ice_blast	general_ability.png	1	general_ability.png	battle	true
nanu_unit_ability_death_explosion_purple_sun	general_ability.png	1	general_ability.png	battle	true
nanu_unit_ability_death_explosion_rancid_blood	general_ability.png	1	general_ability.png	battle	true
nanu_unit_ability_death_explosion_tempest	general_ability.png	1	general_ability.png	battle	true
nanu_unit_ability_death_explosion_warp_discharge_large	general_ability.png	1	general_ability.png	battle	true
nanu_unit_ability_death_explosion_warp_discharge_medium	general_ability.png	1	general_ability.png	battle	true
nanu_unit_ability_death_explosion_warp_discharge_small	general_ability.png	1	general_ability.png	battle	true
nanu_unit_ability_death_explosion_warpfire_storm	general_ability.png	1	general_ability.png	battle	true
nanu_unit_ability_death_explosion_warpgas_small	general_ability.png	1	general_ability.png	battle	true
nanu_unit_ability_death_explosion_watery_grave	general_ability.png	1	general_ability.png	battle	true
nanu_unit_ability_enable_bound_acquiescence_num_uses	general_ability.png	2	general_ability.png	battle	true
nanu_unit_ability_enable_lash_of_slaanesh_num_uses	general_ability.png	2	general_ability.png	battle	true
nanu_unit_ability_fecundity	general_ability.png	3	general_ability.png	battle	true
nanu_unit_ability_final_transmutation	general_ability.png	4	ranged_damage.png	battle	true
nanu_unit_ability_fire_flaming_sword_of_rhuin	general_ability.png	3	general_ability.png	battle	true
nanu_unit_ability_firing_line	general_ability.png	2	general_ability.png	battle	true
nanu_unit_ability_firing_line_aoe	general_ability.png	2	general_ability.png	battle	true
nanu_unit_ability_force_feed_bugmans_brew	general_ability.png	3	general_ability.png	battle	true
nanu_unit_ability_force_feed_kvas	general_ability.png	3	general_ability.png	battle	true
nanu_unit_ability_frostfire_tempest	general_ability.png	3	general_ability.png	battle	true
nanu_unit_ability_frozen_tomb	general_ability.png	3	general_ability.png	battle	true
nanu_unit_ability_frozen_tomb_aoe	general_ability.png	3	general_ability.png	battle	true
nanu_unit_ability_glacial_blast	general_ability.png	3	general_ability.png	battle	true
nanu_unit_ability_glacial_blast_greater	general_ability.png	3	general_ability.png	battle	true
nanu_unit_ability_hailstorm	general_ability.png	3	general_ability.png	battle	true
nanu_unit_ability_heart_of_winter	general_ability.png	3	general_ability.png	battle	true
nanu_unit_ability_ice_sheet	general_ability.png	3	general_ability.png	battle	true
nanu_unit_ability_impetuous	general_ability.png	3	general_ability.png	battle	true
nanu_unit_ability_knightslayer	general_ability.png	3	general_ability.png	battle	true
nanu_unit_ability_lance	general_ability.png	3	general_ability.png	battle	true
nanu_unit_ability_lash_of_slaanesh_disable	general_ability.png	2	general_ability.png	battle	true
nanu_unit_ability_magma_storm_lesser	general_ability.png	4	ranged_damage.png	battle	true
nanu_unit_ability_melkoths_mystifying_miasma	general_ability.png	2	general_ability.png	battle	true
nanu_unit_ability_melkoths_mystifying_miasma_num_uses	general_ability.png	2	general_ability.png	battle	true
nanu_unit_ability_miasma_of_pestilence_disable	general_ability.png	2	general_ability.png	battle	true
nanu_unit_ability_monstrous_strength	general_ability.png	2	general_ability.png	battle	true
nanu_unit_ability_nightgoblin_poison	general_ability.png	3	general_ability.png	battle	true
nanu_unit_ability_pack_trap	general_ability.png	2	general_ability.png	battle	true
nanu_unit_ability_passive_bile_blood	general_ability.png	2	general_ability.png	battle	true
nanu_unit_ability_penumbral_pendulum_miasma_num_uses	general_ability.png	2	general_ability.png	battle	true
nanu_unit_ability_piercing_bolts_of_burning	general_ability.png	3	general_ability.png	battle	true
nanu_unit_ability_pink_fire_of_tzeentch_disable	general_ability.png	2	general_ability.png	battle	true
nanu_unit_ability_pink_fire_of_tzeentch_num_uses	general_ability.png	3	general_ability.png	battle	true
nanu_unit_ability_primal_roar	general_ability.png	2	general_ability.png	battle	true
nanu_unit_ability_rampaging_poison	general_ability.png	3	general_ability.png	battle	true
nanu_unit_ability_rapid_fire	general_ability.png	2	general_ability.png	battle	true
nanu_unit_ability_rapid_fire_aoe	general_ability.png	2	general_ability.png	battle	true
nanu_unit_ability_revel_in_fear	general_ability.png	2	general_ability.png	battle	true
nanu_unit_ability_rival_hide_talisman	general_ability.png	2	general_ability.png	battle	true
nanu_unit_ability_searing_doom	general_ability.png	4	ranged_damage.png	battle	true
nanu_unit_ability_skavenbrew	general_ability.png	2	general_ability.png	battle	true
nanu_unit_ability_smoke_bomb	general_ability.png	2	general_ability.png	battle	true
nanu_unit_ability_soul_rend	general_ability.png	3	general_ability.png	battle	true
nanu_unit_ability_spirit_leech_num_uses_hidden	general_ability.png	0	general_ability.png	battle	true
nanu_unit_ability_stream_of_corruption_bound	general_ability.png	3	general_ability.png	battle	true
nanu_unit_ability_stream_of_corruption_disable	general_ability.png	2	general_ability.png	battle	true
nanu_unit_ability_swiftness_of_itzl	general_ability.png	2	general_ability.png	battle	true
nanu_unit_ability_toothcracker	general_ability.png	2	general_ability.png	battle	true
nanu_unit_ability_trollguts	general_ability.png	2	general_ability.png	battle	true
nanu_unit_ability_undying_will	general_ability.png	2	general_ability.png	battle	true
nanu_unit_ability_urannons_thunderbolt	general_ability.png	2	general_ability.png	battle	true
nanu_unit_ability_volley_arcane	general_ability.png	2	general_ability.png	battle	true
nanu_unit_ability_volley_arcane_greater	general_ability.png	2	general_ability.png	battle	true
nanu_unit_ability_volley_barbed	general_ability.png	2	general_ability.png	battle	true
nanu_unit_ability_volley_barbed_greater	general_ability.png	2	general_ability.png	battle	true
nanu_unit_ability_volley_bonus_vs_large	general_ability.png	2	general_ability.png	battle	true
nanu_unit_ability_volley_bonus_vs_large_greater	general_ability.png	2	general_ability.png	battle	true
nanu_unit_ability_volley_fire_charge	general_ability.png	2	general_ability.png	battle	true
nanu_unit_ability_volley_fire_charge_greater	general_ability.png	2	general_ability.png	battle	true
nanu_unit_ability_volley_flaming	general_ability.png	2	general_ability.png	battle	true
nanu_unit_ability_volley_flaming_greater	general_ability.png	2	general_ability.png	battle	true
nanu_unit_ability_volley_ice_shard	general_ability.png	2	general_ability.png	battle	true
nanu_unit_ability_volley_ice_shard_greater	general_ability.png	2	general_ability.png	battle	true
nanu_unit_ability_volley_piercing	general_ability.png	2	general_ability.png	battle	true
nanu_unit_ability_volley_piercing_greater	general_ability.png	2	general_ability.png	battle	true
nanu_unit_ability_volley_poison	general_ability.png	2	general_ability.png	battle	true
nanu_unit_ability_volley_poison_greater	general_ability.png	2	general_ability.png	battle	true
nanu_unit_ability_wake_of_fire	general_ability.png	3	general_ability.png	battle	true
nanu_unit_ability_warp_storm	general_ability.png	1	general_ability.png	battle	true
nanu_unit_ability_wayfarer_climate_desert	general_ability.png	1	general_ability.png	battle	true
nanu_unit_ability_wayfarer_climate_frozen	general_ability.png	1	general_ability.png	battle	true
nanu_unit_ability_wayfarer_climate_mountain_hills	general_ability.png	1	general_ability.png	battle	true
nanu_unit_ability_worlds_edge_armour	general_ability.png	2	general_ability.png	battle	true
nanu_unit_attribute_snipe_climate_desert	snipe.png	1	snipe.png	both	true
nanu_unit_attribute_stalk_climate_desert	attribute_stalk.png	1	attribute_stalk.png	both	true
nanu_unit_attribute_strider_climate_desert	attribute_ignore_forest_penalties.png	1	attribute_ignore_forest_penalties.png	battle	true
nanu_unit_attribute_strider_climate_wasteland	attribute_ignore_forest_penalties.png	1	attribute_ignore_forest_penalties.png	battle	true
nanu_unit_attribute_unyielding_assault	attribute_unyielding_assault.png	1	attribute_unyielding_assault.png	battle	true
nanu_unit_attribute_vanguard_climate_desert	attribute_guerrilla_deploy.png	1	attribute_guerrilla_deploy.png	battle	true
nanu_unit_attribute_vanguard_climate_frozen	attribute_guerrilla_deploy.png	1	attribute_guerrilla_deploy.png	battle	true
nanu_unit_attribute_vanguard_climate_mountain_hills	attribute_guerrilla_deploy.png	1	attribute_guerrilla_deploy.png	battle	true
nanu_unit_attribute_vanguard_climate_ocean	attribute_guerrilla_deploy.png	1	attribute_guerrilla_deploy.png	battle	true
nanu_unit_contact_armour_destruction	nanu_unit_contact_armour_destruction.png	4	nanu_unit_contact_armour_destruction.png	battle	true
nanu_unit_contact_bleed	nanu_unit_contact_bleed.png	4	nanu_unit_contact_bleed.png	battle	true
nanu_unit_contact_blinded	nanu_unit_contact_blinded.png	4	nanu_unit_contact_blinded.png	battle	true
nanu_unit_contact_bone_breaker	nanu_unit_contact_bone_breaker.png	4	nanu_unit_contact_bone_breaker.png	battle	true
nanu_unit_contact_burnt	wh_main_unit_contact_morale.png	4	wh_main_unit_contact_morale.png	battle	true
nanu_unit_contact_corrosion	nanu_unit_contact_corrosion.png	4	nanu_unit_contact_corrosion.png	battle	true
nanu_unit_contact_corrupting	nanu_unit_contact_corrupting.png	4	nanu_unit_contact_corrupting.png	battle	true
nanu_unit_contact_crushing	nanu_unit_contact_crushing.png	2	nanu_unit_contact_crushing.png	battle	true
nanu_unit_contact_dark_blood	nanu_unit_contact_dark_blood.png	4	nanu_unit_contact_dark_blood.png	battle	true
nanu_unit_contact_deadly_poison	nanu_unit_contact_deadly_poison.png	4	nanu_unit_contact_deadly_poison.png	battle	true
nanu_unit_contact_deathfrost	nanu_unit_contact_deathfrost.png	4	nanu_unit_contact_deathfrost.png	battle	true
nanu_unit_contact_disable_shocking_electrified	nanu_unit_contact_electrified.png	4	nanu_unit_contact_electrified.png	battle	true
nanu_unit_contact_disharmony	nanu_unit_contact_disharmony.png	4	nanu_unit_contact_disharmony.png	battle	true
nanu_unit_contact_disoriented	nanu_unit_contact_disoriented.png	4	nanu_unit_contact_disoriented.png	battle	true
nanu_unit_contact_disrupted	nanu_unit_contact_disrupted.png	4	nanu_unit_contact_disrupted.png	battle	true
nanu_unit_contact_electrified	nanu_unit_contact_electrified.png	4	nanu_unit_contact_electrified.png	battle	true
nanu_unit_contact_entangled	nanu_unit_contact_entangled.png	4	nanu_unit_contact_entangled.png	battle	true
nanu_unit_contact_entropic	nanu_unit_contact_entropic.png	4	nanu_unit_contact_entropic.png	battle	true
nanu_unit_contact_euphoric	nanu_unit_contact_rampage.png	4	nanu_unit_contact_rampage.png	battle	true
nanu_unit_contact_exposed	nanu_unit_contact_exposed.png	4	nanu_unit_contact_exposed.png	battle	true
nanu_unit_contact_freezing	nanu_unit_contact_freezing.png	4	nanu_unit_contact_freezing.png	battle	true
nanu_unit_contact_frostfire	nanu_unit_contact_frostfire.png	4	nanu_unit_contact_frostfire.png	battle	true
nanu_unit_contact_naphtha	nanu_unit_contact_searing.png	4	nanu_unit_contact_searing.png	battle	true
nanu_unit_contact_nightgoblin_poison	nanu_unit_contact_nightgoblin_poison.png	4	nanu_unit_contact_nightgoblin_poison.png	battle	true
nanu_unit_contact_potent_poison	nanu_unit_contact_potent_poison.png	4	nanu_unit_contact_potent_poison.png	battle	true
nanu_unit_contact_rampage	nanu_unit_contact_rampage.png	4	nanu_unit_contact_rampage.png	battle	true
nanu_unit_contact_rampaging_poison	nanu_unit_contact_rampage.png	4	nanu_unit_contact_rampage.png	battle	true
nanu_unit_contact_searing	nanu_unit_contact_searing.png	2	nanu_unit_contact_searing.png	battle	true
nanu_unit_contact_shieldbreaker	nanu_unit_contact_shieldbreaker.png	4	nanu_unit_contact_shieldbreaker.png	battle	true
nanu_unit_contact_shocking	nanu_unit_contact_shocking.png	4	nanu_unit_contact_shocking.png	battle	true
nanu_unit_contact_slow_death	nanu_unit_contact_virulent_poison.png	4	nanu_unit_contact_virulent_poison.png	battle	true
nanu_unit_contact_suppressed	modifier_icon_suppressive_fire.png	4	modifier_icon_suppressive_fire.png	battle	true
nanu_unit_contact_toxic_sludge	nanu_unit_contact_toxic_sludge.png	4	nanu_unit_contact_toxic_sludge.png	battle	true
nanu_unit_contact_virulent_poison	nanu_unit_contact_virulent_poison.png	4	nanu_unit_contact_virulent_poison.png	battle	true
nanu_unit_contact_warp_shock	nanu_unit_contact_warp_zap.png	4	nanu_unit_contact_warp_zap.png	battle	true
nanu_unit_contact_warp_zap	nanu_unit_contact_warp_zap.png	4	nanu_unit_contact_warp_zap.png	battle	true
nanu_unit_contact_weakened	nanu_unit_contact_weakened.png	4	nanu_unit_contact_weakened.png	battle	true
nanu_unit_passive_amphibious	general_ability.png	3	general_ability.png	battle	true
nanu_unit_passive_aura_of_blood	general_ability.png	3	general_ability.png	battle	true
nanu_unit_passive_aura_of_dispelling	general_ability.png	3	general_ability.png	battle	true
nanu_unit_passive_aura_of_healing	general_ability.png	3	general_ability.png	battle	true
nanu_unit_passive_aura_of_hexing	general_ability.png	3	general_ability.png	battle	true
nanu_unit_passive_aura_of_protection	general_ability.png	3	general_ability.png	battle	true
nanu_unit_passive_aura_of_purity	general_ability.png	3	general_ability.png	battle	true
nanu_unit_passive_aura_of_rust	general_ability.png	3	general_ability.png	battle	true
nanu_unit_passive_aura_of_shielding	general_ability.png	3	general_ability.png	battle	true
nanu_unit_passive_aura_of_warding	general_ability.png	3	general_ability.png	battle	true
nanu_unit_passive_banish_daemons	general_ability.png	3	general_ability.png	battle	true
nanu_unit_passive_banish_undead	general_ability.png	3	general_ability.png	battle	true
nanu_unit_passive_barrier_boost	general_ability.png	3	general_ability.png	battle	true
nanu_unit_passive_bathed_in_blood	general_ability.png	3	general_ability.png	battle	true
nanu_unit_passive_beacon_of_hope	general_ability.png	3	general_ability.png	battle	true
nanu_unit_passive_blazing_aura	general_ability.png	3	general_ability.png	battle	true
nanu_unit_passive_blinding_radiance	general_ability.png	3	general_ability.png	battle	true
nanu_unit_passive_blood_gods_rage	general_ability.png	3	general_ability.png	battle	true
nanu_unit_passive_blood_rage	general_ability.png	2	general_ability.png	battle	true
nanu_unit_passive_bloodthirst	general_ability.png	3	general_ability.png	battle	true
nanu_unit_passive_bloodthirsty_rampage	general_ability.png	3	general_ability.png	battle	true
nanu_unit_passive_brace	general_ability.png	3	general_ability.png	battle	true
nanu_unit_passive_by_our_blood	general_ability.png	3	general_ability.png	battle	true
nanu_unit_passive_cathayan_martial_mastery	general_ability.png	3	general_ability.png	battle	true
nanu_unit_passive_charge_breaker	general_ability.png	3	general_ability.png	battle	true
nanu_unit_passive_clairvoyance	general_ability.png	3	general_ability.png	battle	true
nanu_unit_passive_counter_charge	general_ability.png	3	general_ability.png	battle	true
nanu_unit_passive_courage_in_death	general_ability.png	3	general_ability.png	battle	true
nanu_unit_passive_crabfeast	general_ability.png	3	general_ability.png	battle	true
nanu_unit_passive_crowfeast	general_ability.png	3	general_ability.png	battle	true
nanu_unit_passive_crush_the_weak	general_ability.png	3	general_ability.png	battle	true
nanu_unit_passive_dark_prince_forsaken	general_ability.png	2	general_ability.png	battle	true
nanu_unit_passive_defensive_stance	general_ability.png	3	general_ability.png	battle	true
nanu_unit_passive_disharmony	general_ability.png	3	general_ability.png	battle	true
nanu_unit_passive_dread_aversion	general_ability.png	3	general_ability.png	battle	true
nanu_unit_passive_dread_legion	general_ability.png	3	general_ability.png	battle	true
nanu_unit_passive_endless_drum	general_ability.png	2	general_ability.png	battle	true
nanu_unit_passive_ensorcelled_weapons	general_ability.png	3	general_ability.png	battle	true
nanu_unit_passive_ensorcelled_weapons_aoe	general_ability.png	3	general_ability.png	battle	true
nanu_unit_passive_ensorcelled_weapons_entropic	general_ability.png	3	general_ability.png	battle	true
nanu_unit_passive_ensorcelled_weapons_entropic_aoe	general_ability.png	3	general_ability.png	battle	true
nanu_unit_passive_ensorcelled_weapons_flaming	general_ability.png	3	general_ability.png	battle	true
nanu_unit_passive_ensorcelled_weapons_flaming_aoe	general_ability.png	3	general_ability.png	battle	true
nanu_unit_passive_ensorcelled_weapons_poison	general_ability.png	3	general_ability.png	battle	true
nanu_unit_passive_ensorcelled_weapons_poison_aoe	general_ability.png	3	general_ability.png	battle	true
nanu_unit_passive_entrench	general_ability.png	3	general_ability.png	battle	true
nanu_unit_passive_ever_burning_light	general_ability.png	3	general_ability.png	battle	true
nanu_unit_passive_expert_skirmisher	general_ability.png	3	general_ability.png	battle	true
nanu_unit_passive_field_medic	general_ability.png	3	general_ability.png	battle	true
nanu_unit_passive_flame_incarnate	general_ability.png	3	general_ability.png	battle	true
nanu_unit_passive_flanker	general_ability.png	3	general_ability.png	battle	true
nanu_unit_passive_flesh_stitch	general_ability.png	3	general_ability.png	battle	true
nanu_unit_passive_forest_stalker	general_ability.png	3	general_ability.png	battle	true
nanu_unit_passive_freezing_aura	general_ability.png	3	general_ability.png	battle	true
nanu_unit_passive_frenzied_charge	general_ability.png	2	general_ability.png	battle	true
nanu_unit_passive_from_the_mist	general_ability.png	3	general_ability.png	battle	true
nanu_unit_passive_gloom_of_flies	general_ability.png	3	general_ability.png	battle	true
nanu_unit_passive_gravity_shift	general_ability.png	2	general_ability.png	battle	true
nanu_unit_passive_grim_resolve	general_ability.png	3	general_ability.png	battle	true
nanu_unit_passive_hawkish_precision	general_ability.png	3	general_ability.png	battle	true
nanu_unit_passive_heroic_charge	general_ability.png	3	general_ability.png	battle	true
nanu_unit_passive_holy_aura	general_ability.png	3	general_ability.png	battle	true
nanu_unit_passive_immaculate_charge	general_ability.png	3	general_ability.png	battle	true
nanu_unit_passive_kvas_flasks	general_ability.png	3	general_ability.png	battle	true
nanu_unit_passive_living_armour	general_ability.png	3	general_ability.png	battle	true
nanu_unit_passive_luck_of_ranald	general_ability.png	2	general_ability.png	battle	true
nanu_unit_passive_martial_mastery	general_ability.png	3	general_ability.png	battle	true
nanu_unit_passive_murderous_mastery	general_ability.png	3	general_ability.png	battle	true
nanu_unit_passive_overwhelming_odor	general_ability.png	3	general_ability.png	battle	true
nanu_unit_passive_piercing_gaze	general_ability.png	1	general_ability.png	battle	true
nanu_unit_passive_primal_instincts	general_ability.png	3	general_ability.png	battle	true
nanu_unit_passive_purge_the_foul	general_ability.png	3	general_ability.png	battle	true
nanu_unit_passive_relentless_assault	general_ability.png	3	general_ability.png	battle	true
nanu_unit_passive_resplendent_armour	general_ability.png	3	general_ability.png	battle	true
nanu_unit_passive_run_them_down	general_ability.png	3	general_ability.png	battle	true
nanu_unit_passive_snare_nets	general_ability.png	2	general_ability.png	battle	true
nanu_unit_passive_soothing_warmth	general_ability.png	1	general_ability.png	battle	true
nanu_unit_passive_soulscent	general_ability.png	3	general_ability.png	battle	true
nanu_unit_passive_spellshield_aura	general_ability.png	3	general_ability.png	battle	true
nanu_unit_passive_spurting_acid_blood	general_ability.png	2	general_ability.png	battle	true
nanu_unit_passive_steel	general_ability.png	3	general_ability.png	battle	true
nanu_unit_passive_stone	general_ability.png	3	general_ability.png	battle	true
nanu_unit_passive_strength_of_the_great_bastion	general_ability.png	3	general_ability.png	battle	true
nanu_unit_passive_swarm_of_rats	general_ability.png	3	general_ability.png	battle	true
nanu_unit_passive_tactical_mastery	general_ability.png	1	general_ability.png	battle	true
nanu_unit_passive_tamed	general_ability.png	3	general_ability.png	battle	true
nanu_unit_passive_terrifying_charge	general_ability.png	3	general_ability.png	battle	true
nanu_unit_passive_terrifying_rampage	general_ability.png	3	general_ability.png	battle	true
nanu_unit_passive_thornmail	general_ability.png	3	general_ability.png	battle	true
nanu_unit_passive_thunderous_aura	general_ability.png	3	general_ability.png	battle	true
nanu_unit_passive_thunderous_aura_greater	general_ability.png	3	general_ability.png	battle	true
nanu_unit_passive_totem_of_endless_bloodletting	general_ability.png	3	general_ability.png	battle	true
nanu_unit_passive_undaunted	general_ability.png	3	general_ability.png	battle	true
nanu_unit_passive_undying_tide	general_ability.png	3	general_ability.png	battle	true
nanu_unit_passive_unending_volley	general_ability.png	3	general_ability.png	battle	true
nanu_unit_passive_unstable_winds	general_ability.png	3	general_ability.png	battle	true
nanu_unit_passive_unstoppable_charge	general_ability.png	3	general_ability.png	battle	true
nanu_unit_passive_unstoppable_rampage	general_ability.png	3	general_ability.png	battle	true
nanu_unit_passive_valiant_war_cry	general_ability.png	3	general_ability.png	battle	true
nanu_unit_passive_vengeful_war_cry	general_ability.png	3	general_ability.png	battle	true
nanu_unit_passive_vicious_war_cry	general_ability.png	3	general_ability.png	battle	true
nanu_unit_passive_violent_war_cry	general_ability.png	3	general_ability.png	battle	true
nanu_unit_passive_waaagh	general_ability.png	3	general_ability.png	battle	true
nanu_unit_passive_warp_storm_aura	general_ability.png	1	general_ability.png	battle	true
nanu_unit_passive_withering_heat	general_ability.png	3	general_ability.png	battle	true
